Date,Hour,IA
1/5/2023,19:57,52
1/5/2023,20:45,48
1/5/2023,21:06,21
1/5/2023,21:15,9
1/5/2023,21:21,6
1/5/2023,22:01,40
1/5/2023,22:32,31
1/5/2023,22:57,25
1/5/2023,23:11,14
1/5/2023,23:29,18
1/5/2023,23:32,3
1/5/2023,23:34,2
1/5/2023,23:49,15
1/5/2023,23:51,2
1/6/2023,19:29,24
1/6/2023,19:50,21
1/6/2023,20:02,12
1/6/2023,21:13,71
1/6/2023,21:25,12
1/6/2023,21:50,25
1/6/2023,22:57,67
1/6/2023,23:24,27
1/7/2023,20:12,65
1/7/2023,20:24,12
1/7/2023,20:43,19
1/7/2023,20:57,14
1/7/2023,21:26,29
1/7/2023,22:17,51
1/7/2023,22:20,3
1/7/2023,22:28,8
1/7/2023,22:38,10
1/7/2023,22:50,12
1/7/2023,22:58,8
1/7/2023,23:06,8
1/7/2023,23:46,40
1/7/2023,23:59,13
1/12/2023,19:22,17
1/12/2023,19:27,5
1/12/2023,19:34,7
1/12/2023,19:49,15
1/12/2023,19:57,8
1/12/2023,19:59,2
1/12/2023,20:02,3
1/12/2023,20:12,10
1/12/2023,20:22,10
1/12/2023,20:46,24
1/12/2023,20:48,2
1/12/2023,20:48,0
1/12/2023,20:53,5
1/12/2023,20:58,5
1/12/2023,21:07,9
1/12/2023,21:13,6
1/12/2023,21:16,3
1/12/2023,21:17,1
1/12/2023,21:24,7
1/12/2023,21:32,8
1/12/2023,21:33,1
1/12/2023,21:39,6
1/12/2023,21:39,0
1/12/2023,21:46,7
1/12/2023,21:49,3
1/12/2023,21:50,1
1/12/2023,21:52,2
1/12/2023,21:53,1
1/12/2023,21:59,6
1/12/2023,22:25,26
1/12/2023,22:29,4
1/12/2023,22:30,1
1/12/2023,22:34,4
1/12/2023,22:52,18
1/12/2023,23:12,20
1/12/2023,23:12,0
1/12/2023,23:19,7
1/12/2023,23:47,28
1/12/2023,23:47,0
1/12/2023,23:51,4
1/13/2023,19:08,6
1/13/2023,19:55,47
1/13/2023,19:58,3
1/13/2023,20:28,30
1/13/2023,20:52,24
1/13/2023,21:16,24
1/13/2023,21:16,0
1/13/2023,21:16,0
1/13/2023,21:23,7
1/13/2023,21:35,12
1/13/2023,22:07,32
1/13/2023,23:13,66
1/13/2023,23:14,1
1/13/2023,23:18,4
1/13/2023,23:44,26
1/13/2023,23:48,4
1/13/2023,23:57,9
1/14/2023,19:05,1
1/14/2023,19:05,0
1/14/2023,19:06,1
1/14/2023,19:11,5
1/14/2023,19:31,20
1/14/2023,19:39,8
1/14/2023,19:42,3
1/14/2023,19:47,5
1/14/2023,19:51,4
1/14/2023,19:55,4
1/14/2023,19:57,2
1/14/2023,20:25,28
1/14/2023,20:25,0
1/14/2023,20:26,1
1/14/2023,20:28,2
1/14/2023,20:33,5
1/14/2023,20:34,1
1/14/2023,20:47,13
1/14/2023,20:48,1
1/14/2023,20:52,4
1/14/2023,21:00,8
1/14/2023,21:11,11
1/14/2023,21:13,2
1/14/2023,21:13,0
1/14/2023,21:15,2
1/14/2023,21:16,1
1/14/2023,21:22,6
1/14/2023,21:25,3
1/14/2023,21:45,20
1/14/2023,21:45,0
1/14/2023,21:53,8
1/14/2023,22:07,14
1/14/2023,22:09,2
1/14/2023,22:11,2
1/14/2023,22:14,3
1/14/2023,22:14,0
1/14/2023,22:16,2
1/14/2023,22:19,3
1/14/2023,22:19,0
1/14/2023,22:24,5
1/14/2023,22:45,21
1/14/2023,22:50,5
1/14/2023,22:54,4
1/14/2023,22:56,2
1/14/2023,22:57,1
1/14/2023,23:16,19
1/14/2023,23:25,9
1/14/2023,23:29,4
1/14/2023,23:31,2
1/14/2023,23:42,11
1/14/2023,23:47,5
1/14/2023,23:49,2
1/14/2023,23:54,5
1/19/2023,19:04,4
1/19/2023,19:04,0
1/19/2023,19:23,19
1/19/2023,19:41,18
1/19/2023,19:58,17
1/19/2023,20:19,21
1/19/2023,20:31,12
1/19/2023,20:35,4
1/19/2023,20:36,1
1/19/2023,20:44,8
1/19/2023,20:49,5
1/19/2023,21:10,21
1/19/2023,21:10,0
1/19/2023,21:14,4
1/19/2023,21:27,13
1/19/2023,21:27,0
1/19/2023,21:37,10
1/19/2023,21:40,3
1/19/2023,21:50,10
1/19/2023,21:56,6
1/19/2023,21:59,3
1/19/2023,22:22,23
1/19/2023,22:22,0
1/19/2023,22:32,10
1/19/2023,23:24,52
1/19/2023,23:32,8
1/19/2023,23:45,13
1/19/2023,23:52,7
1/19/2023,23:55,3
1/20/2023,19:08,2
1/20/2023,19:14,6
1/20/2023,19:14,0
1/20/2023,19:16,2
1/20/2023,19:19,3
1/20/2023,19:20,1
1/20/2023,19:24,4
1/20/2023,19:25,1
1/20/2023,19:27,2
1/20/2023,19:30,3
1/20/2023,19:32,2
1/20/2023,19:32,0
1/20/2023,19:36,4
1/20/2023,19:50,14
1/20/2023,19:59,9
1/20/2023,20:05,6
1/20/2023,20:05,0
1/20/2023,20:06,1
1/20/2023,20:09,3
1/20/2023,20:17,8
1/20/2023,20:24,7
1/20/2023,20:26,2
1/20/2023,20:27,1
1/20/2023,20:29,2
1/20/2023,20:51,22
1/20/2023,20:52,1
1/20/2023,20:53,1
1/20/2023,21:06,13
1/20/2023,21:06,0
1/20/2023,21:11,5
1/20/2023,21:22,11
1/20/2023,21:23,1
1/20/2023,21:24,1
1/20/2023,21:25,1
1/20/2023,21:30,5
1/20/2023,21:32,2
1/20/2023,21:36,4
1/20/2023,21:44,8
1/20/2023,21:45,1
1/20/2023,21:45,0
1/20/2023,21:47,2
1/20/2023,21:53,6
1/20/2023,21:55,2
1/20/2023,22:00,5
1/20/2023,22:08,8
1/20/2023,22:09,1
1/20/2023,22:11,2
1/20/2023,22:11,0
1/20/2023,22:15,4
1/20/2023,22:22,7
1/20/2023,22:30,8
1/20/2023,22:32,2
1/20/2023,22:36,4
1/20/2023,22:46,10
1/20/2023,22:50,4
1/20/2023,23:01,11
1/20/2023,23:06,5
1/20/2023,23:07,1
1/20/2023,23:08,1
1/20/2023,23:14,6
1/20/2023,23:16,2
1/20/2023,23:21,5
1/20/2023,23:24,3
1/20/2023,23:24,0
1/20/2023,23:30,6
1/20/2023,23:34,4
1/20/2023,23:37,3
1/20/2023,23:44,7
1/20/2023,23:49,5
1/20/2023,23:57,8
1/20/2023,23:59,2
1/21/2023,19:05,1
1/21/2023,19:09,4
1/21/2023,19:10,1
1/21/2023,19:20,10
1/21/2023,19:21,1
1/21/2023,19:24,3
1/21/2023,19:28,4
1/21/2023,19:29,1
1/21/2023,19:34,5
1/21/2023,19:44,10
1/21/2023,19:53,9
1/21/2023,19:53,0
1/21/2023,19:53,0
1/21/2023,20:02,9
1/21/2023,20:05,3
1/21/2023,20:19,14
1/21/2023,20:21,2
1/21/2023,20:27,6
1/21/2023,20:29,2
1/21/2023,20:36,7
1/21/2023,20:44,8
1/21/2023,20:48,4
1/21/2023,20:52,4
1/21/2023,20:58,6
1/21/2023,21:00,2
1/21/2023,21:06,6
1/21/2023,21:15,9
1/21/2023,21:19,4
1/21/2023,21:57,38
1/21/2023,22:03,6
1/21/2023,22:26,23
1/21/2023,22:28,2
1/21/2023,22:29,1
1/21/2023,22:45,16
1/21/2023,22:47,2
1/21/2023,22:49,2
1/21/2023,22:52,3
1/21/2023,23:00,8
1/21/2023,23:05,5
1/21/2023,23:17,12
1/21/2023,23:22,5
1/21/2023,23:23,1
1/21/2023,23:26,3
1/21/2023,23:26,0
1/21/2023,23:31,5
1/21/2023,23:35,4
1/21/2023,23:38,3
1/21/2023,23:53,15
1/21/2023,23:56,3
1/26/2023,21:28,33
1/26/2023,22:10,42
1/26/2023,22:53,43
1/27/2023,19:16,2
1/27/2023,19:22,6
1/27/2023,19:31,9
1/27/2023,19:32,1
1/27/2023,19:35,3
1/27/2023,19:36,1
1/27/2023,19:43,7
1/27/2023,19:51,8
1/27/2023,19:52,1
1/27/2023,19:54,2
1/27/2023,19:59,5
1/27/2023,20:07,8
1/27/2023,20:17,10
1/27/2023,20:21,4
1/27/2023,20:26,5
1/27/2023,20:35,9
1/27/2023,20:38,3
1/27/2023,20:41,3
1/27/2023,21:15,34
1/27/2023,21:21,6
1/27/2023,21:24,3
1/27/2023,21:42,18
1/27/2023,21:48,6
1/27/2023,21:51,3
1/27/2023,22:00,9
1/27/2023,22:11,11
1/27/2023,22:14,3
1/27/2023,22:24,10
1/27/2023,22:28,4
1/27/2023,22:29,1
1/27/2023,22:34,5
1/27/2023,22:37,3
1/27/2023,22:50,13
1/27/2023,23:04,14
1/27/2023,23:08,4
1/27/2023,23:36,28
1/27/2023,23:38,2
1/27/2023,23:47,9
1/27/2023,23:49,2
1/27/2023,23:55,6
1/27/2023,23:59,4
1/28/2023,19:08,7
1/28/2023,19:08,0
1/28/2023,19:15,7
1/28/2023,19:17,2
1/28/2023,19:36,19
1/28/2023,19:37,1
1/28/2023,19:38,1
1/28/2023,19:55,17
1/28/2023,20:01,6
1/28/2023,20:03,2
1/28/2023,20:05,2
1/28/2023,20:08,3
1/28/2023,20:15,7
1/28/2023,20:20,5
1/28/2023,20:28,8
1/28/2023,20:40,12
1/28/2023,20:51,11
1/28/2023,20:54,3
1/28/2023,20:55,1
1/28/2023,21:07,12
1/28/2023,21:07,0
1/28/2023,21:28,21
1/28/2023,21:30,2
1/28/2023,21:39,9
1/28/2023,21:46,7
1/28/2023,21:55,9
1/28/2023,22:08,13
1/28/2023,22:32,24
1/28/2023,22:34,2
1/28/2023,22:42,8
1/28/2023,22:43,1
1/28/2023,22:48,5
1/28/2023,22:50,2
1/28/2023,22:50,0
1/28/2023,23:04,14
1/28/2023,23:15,11
1/28/2023,23:17,2
1/28/2023,23:18,1
1/28/2023,23:20,2
1/28/2023,23:31,11
1/28/2023,23:37,6
1/28/2023,23:41,4
1/28/2023,23:45,4
1/28/2023,23:57,12
2/2/2023,19:55,30
2/2/2023,20:25,30
2/2/2023,22:12,107
2/2/2023,22:27,15
2/2/2023,23:16,49
2/2/2023,23:37,21
2/3/2023,19:06,6
2/3/2023,19:12,6
2/3/2023,19:35,23
2/3/2023,19:40,5
2/3/2023,19:42,2
2/3/2023,19:56,14
2/3/2023,19:57,1
2/3/2023,20:13,16
2/3/2023,20:13,0
2/3/2023,20:15,2
2/3/2023,20:16,1
2/3/2023,20:16,0
2/3/2023,20:18,2
2/3/2023,20:28,10
2/3/2023,20:52,24
2/3/2023,21:12,20
2/3/2023,21:12,0
2/3/2023,21:14,2
2/3/2023,21:16,2
2/3/2023,21:30,14
2/3/2023,21:47,17
2/3/2023,21:54,7
2/3/2023,22:11,17
2/3/2023,22:17,6
2/3/2023,22:28,11
2/3/2023,22:32,4
2/3/2023,22:33,1
2/3/2023,22:37,4
2/3/2023,22:43,6
2/3/2023,22:43,0
2/3/2023,22:48,5
2/3/2023,22:53,5
2/3/2023,22:54,1
2/3/2023,22:58,4
2/3/2023,23:01,3
2/3/2023,23:08,7
2/3/2023,23:10,2
2/3/2023,23:14,4
2/3/2023,23:14,0
2/3/2023,23:19,5
2/3/2023,23:20,1
2/3/2023,23:23,3
2/3/2023,23:29,6
2/3/2023,23:38,9
2/3/2023,23:41,3
2/3/2023,23:43,2
2/3/2023,23:44,1
2/3/2023,23:49,5
2/4/2023,19:07,2
2/4/2023,19:08,1
2/4/2023,19:09,1
2/4/2023,19:26,17
2/4/2023,19:34,8
2/4/2023,19:35,1
2/4/2023,19:36,1
2/4/2023,19:46,10
2/4/2023,20:07,21
2/4/2023,20:14,7
2/4/2023,20:28,14
2/4/2023,20:32,4
2/4/2023,20:33,1
2/4/2023,20:36,3
2/4/2023,20:47,11
2/4/2023,20:48,1
2/4/2023,21:03,15
2/4/2023,21:05,2
2/4/2023,21:10,5
2/4/2023,21:11,1
2/4/2023,21:15,4
2/4/2023,21:16,1
2/4/2023,21:18,2
2/4/2023,21:35,17
2/4/2023,21:38,3
2/4/2023,22:16,38
2/4/2023,22:22,6
2/4/2023,22:48,26
2/4/2023,22:55,7
2/4/2023,23:11,16
2/4/2023,23:20,9
2/4/2023,23:39,19
2/4/2023,23:42,3
2/4/2023,23:44,2
2/4/2023,23:46,2
2/4/2023,23:51,5
2/4/2023,23:51,0
2/4/2023,23:52,1
2/9/2023,20:13,62
2/9/2023,20:22,9
2/9/2023,20:36,14
2/9/2023,20:50,14
2/9/2023,21:08,18
2/9/2023,21:14,6
2/9/2023,21:30,16
2/9/2023,21:55,25
2/9/2023,21:56,1
2/9/2023,22:13,17
2/9/2023,22:37,24
2/9/2023,23:03,26
2/9/2023,23:22,19
2/9/2023,23:48,26
2/10/2023,19:37,10
2/10/2023,19:46,9
2/10/2023,19:48,2
2/10/2023,19:51,3
2/10/2023,20:04,13
2/10/2023,20:25,21
2/10/2023,20:29,4
2/10/2023,20:37,8
2/10/2023,20:38,1
2/10/2023,20:40,2
2/10/2023,20:44,4
2/10/2023,21:15,31
2/10/2023,21:23,8
2/10/2023,21:28,5
2/10/2023,21:34,6
2/10/2023,21:46,12
2/10/2023,21:54,8
2/10/2023,21:59,5
2/10/2023,22:49,50
2/10/2023,23:02,13
2/10/2023,23:07,5
2/10/2023,23:17,10
2/10/2023,23:19,2
2/10/2023,23:29,10
2/10/2023,23:36,7
2/10/2023,23:36,0
2/10/2023,23:39,3
2/10/2023,23:48,9
2/11/2023,19:07,5
2/11/2023,19:09,2
2/11/2023,19:14,5
2/11/2023,19:22,8
2/11/2023,19:28,6
2/11/2023,19:31,3
2/11/2023,19:31,0
2/11/2023,19:31,0
2/11/2023,19:32,1
2/11/2023,19:37,5
2/11/2023,19:44,7
2/11/2023,19:47,3
2/11/2023,19:48,1
2/11/2023,19:50,2
2/11/2023,20:01,11
2/11/2023,20:03,2
2/11/2023,20:06,3
2/11/2023,20:07,1
2/11/2023,20:15,8
2/11/2023,20:16,1
2/11/2023,20:23,7
2/11/2023,20:27,4
2/11/2023,20:29,2
2/11/2023,20:31,2
2/11/2023,20:31,0
2/11/2023,20:38,7
2/11/2023,20:49,11
2/11/2023,20:50,1
2/11/2023,20:50,0
2/11/2023,20:52,2
2/11/2023,20:55,3
2/11/2023,21:12,17
2/11/2023,21:13,1
2/11/2023,21:34,21
2/11/2023,21:37,3
2/11/2023,21:40,3
2/11/2023,21:40,0
2/11/2023,21:46,6
2/11/2023,21:58,12
2/11/2023,22:00,2
2/11/2023,22:06,6
2/11/2023,22:09,3
2/11/2023,22:12,3
2/11/2023,22:18,6
2/11/2023,22:30,12
2/11/2023,22:32,2
2/11/2023,22:33,1
2/11/2023,22:34,1
2/11/2023,22:55,21
2/11/2023,22:56,1
2/11/2023,22:58,2
2/11/2023,23:08,10
2/11/2023,23:12,4
2/11/2023,23:13,1
2/11/2023,23:13,0
2/11/2023,23:17,4
2/11/2023,23:20,3
2/11/2023,23:28,8
2/11/2023,23:28,0
2/11/2023,23:34,6
2/11/2023,23:38,4
2/11/2023,23:40,2
2/11/2023,23:43,3
2/11/2023,23:43,0
2/11/2023,23:46,3
2/11/2023,23:49,3
2/11/2023,23:50,1
2/11/2023,23:54,4
2/16/2023,19:15,10
2/16/2023,19:29,14
2/16/2023,19:30,1
2/16/2023,19:33,3
2/16/2023,19:39,6
2/16/2023,19:39,0
2/16/2023,19:54,15
2/16/2023,20:00,6
2/16/2023,20:00,0
2/16/2023,20:03,3
2/16/2023,20:04,1
2/16/2023,20:10,6
2/16/2023,20:13,3
2/16/2023,20:14,1
2/16/2023,20:20,6
2/16/2023,20:27,7
2/16/2023,20:33,6
2/16/2023,20:34,1
2/16/2023,20:47,13
2/16/2023,21:09,22
2/16/2023,21:10,1
2/16/2023,21:12,2
2/16/2023,21:20,8
2/16/2023,21:41,21
2/16/2023,22:19,38
2/16/2023,22:21,2
2/16/2023,22:23,2
2/16/2023,22:26,3
2/16/2023,22:28,2
2/16/2023,22:31,3
2/16/2023,22:39,8
2/16/2023,22:51,12
2/16/2023,23:01,10
2/16/2023,23:03,2
2/16/2023,23:05,2
2/16/2023,23:11,6
2/16/2023,23:20,9
2/16/2023,23:25,5
2/16/2023,23:59,34
2/16/2023,23:59,0
2/17/2023,19:28,5
2/17/2023,19:56,28
2/17/2023,20:12,16
2/17/2023,20:26,14
2/17/2023,20:27,1
2/17/2023,20:36,9
2/17/2023,21:17,41
2/17/2023,21:42,25
2/17/2023,22:14,32
2/17/2023,22:23,9
2/17/2023,22:27,4
2/17/2023,22:31,4
2/17/2023,23:14,43
2/17/2023,23:26,12
2/17/2023,23:33,7
2/18/2023,20:06,24
2/18/2023,20:07,1
2/18/2023,20:12,5
2/18/2023,20:24,12
2/18/2023,20:32,8
2/18/2023,20:36,4
2/18/2023,20:41,5
2/18/2023,20:49,8
2/18/2023,20:51,2
2/18/2023,21:04,13
2/18/2023,21:27,23
2/18/2023,21:27,0
2/18/2023,21:41,14
2/18/2023,21:42,1
2/18/2023,21:51,9
2/18/2023,21:55,4
2/18/2023,21:56,1
2/18/2023,22:04,8
2/18/2023,22:19,15
2/18/2023,22:24,5
2/18/2023,22:49,25
2/18/2023,22:52,3
2/18/2023,22:56,4
2/18/2023,23:17,21
2/18/2023,23:18,1
2/18/2023,23:21,3
2/18/2023,23:22,1
2/18/2023,23:23,1
2/18/2023,23:25,2
2/18/2023,23:42,17
2/18/2023,23:48,6
2/18/2023,23:49,1
2/18/2023,23:59,10
2/23/2023,22:17,153
2/24/2023,19:09,6
2/24/2023,19:15,6
2/24/2023,19:17,2
2/24/2023,19:18,1
2/24/2023,19:19,1
2/24/2023,19:24,5
2/24/2023,19:50,26
2/24/2023,20:07,17
2/24/2023,20:18,11
2/24/2023,20:39,21
2/24/2023,20:41,2
2/24/2023,20:56,15
2/24/2023,21:10,14
2/24/2023,21:14,4
2/24/2023,21:16,2
2/24/2023,21:26,10
2/24/2023,21:35,9
2/24/2023,21:47,12
2/24/2023,21:52,5
2/24/2023,21:54,2
2/24/2023,22:00,6
2/24/2023,22:08,8
2/24/2023,22:12,4
2/24/2023,22:14,2
2/24/2023,22:23,9
2/24/2023,22:39,16
2/24/2023,22:43,4
2/24/2023,22:44,1
2/24/2023,22:48,4
2/24/2023,22:49,1
2/24/2023,22:51,2
2/24/2023,23:07,16
2/24/2023,23:09,2
2/24/2023,23:19,10
2/24/2023,23:32,13
2/24/2023,23:38,6
2/24/2023,23:41,3
2/24/2023,23:45,4
2/24/2023,23:57,12
2/25/2023,19:16,5
2/25/2023,19:30,14
2/25/2023,19:31,1
2/25/2023,19:40,9
2/25/2023,19:41,1
2/25/2023,19:49,8
2/25/2023,19:53,4
2/25/2023,20:02,9
2/25/2023,20:06,4
2/25/2023,20:28,22
2/25/2023,20:33,5
2/25/2023,20:40,7
2/25/2023,20:42,2
2/25/2023,20:48,6
2/25/2023,21:10,22
2/25/2023,21:25,15
2/25/2023,21:26,1
2/25/2023,21:27,1
2/25/2023,21:28,1
2/25/2023,21:30,2
2/25/2023,21:50,20
2/25/2023,22:05,15
2/25/2023,22:10,5
2/25/2023,22:14,4
2/25/2023,22:18,4
2/25/2023,22:27,9
2/25/2023,22:49,22
2/25/2023,23:00,11
2/25/2023,23:02,2
2/25/2023,23:10,8
2/25/2023,23:25,15
2/25/2023,23:39,14
2/25/2023,23:44,5
2/25/2023,23:49,5
3/2/2023,19:22,15
3/2/2023,19:27,5
3/2/2023,19:40,13
3/2/2023,19:42,2
3/2/2023,19:42,0
3/2/2023,19:49,7
3/2/2023,19:52,3
3/2/2023,19:56,4
3/2/2023,19:58,2
3/2/2023,20:15,17
3/2/2023,20:49,34
3/2/2023,20:56,7
3/2/2023,21:12,16
3/2/2023,21:15,3
3/2/2023,21:19,4
3/2/2023,21:30,11
3/2/2023,21:40,10
3/2/2023,21:42,2
3/2/2023,21:42,0
3/2/2023,21:56,14
3/2/2023,21:57,1
3/2/2023,22:08,11
3/2/2023,22:09,1
3/2/2023,22:19,10
3/2/2023,22:26,7
3/2/2023,22:26,0
3/2/2023,22:42,16
3/2/2023,22:42,0
3/2/2023,22:45,3
3/2/2023,22:45,0
3/2/2023,22:52,7
3/2/2023,22:53,1
3/2/2023,23:03,10
3/2/2023,23:11,8
3/2/2023,23:49,38
3/2/2023,23:53,4
3/2/2023,23:54,1
3/3/2023,19:01,1
3/3/2023,19:03,2
3/3/2023,19:07,4
3/3/2023,19:10,3
3/3/2023,19:14,4
3/3/2023,19:23,9
3/3/2023,19:28,5
3/3/2023,19:36,8
3/3/2023,19:48,12
3/3/2023,19:57,9
3/3/2023,19:59,2
3/3/2023,19:59,0
3/3/2023,19:59,0
3/3/2023,20:19,20
3/3/2023,20:38,19
3/3/2023,20:39,1
3/3/2023,20:41,2
3/3/2023,20:42,1
3/3/2023,20:49,7
3/3/2023,21:01,12
3/3/2023,21:03,2
3/3/2023,21:10,7
3/3/2023,21:11,1
3/3/2023,21:24,13
3/3/2023,21:27,3
3/3/2023,21:31,4
3/3/2023,21:37,6
3/3/2023,21:48,11
3/3/2023,21:49,1
3/3/2023,21:54,5
3/3/2023,21:55,1
3/3/2023,22:07,12
3/3/2023,22:08,1
3/3/2023,22:11,3
3/3/2023,22:14,3
3/3/2023,22:35,21
3/3/2023,22:44,9
3/3/2023,22:44,0
3/3/2023,22:51,7
3/3/2023,22:59,8
3/3/2023,23:17,18
3/3/2023,23:22,5
3/3/2023,23:30,8
3/3/2023,23:31,1
3/3/2023,23:38,7
3/3/2023,23:45,7
3/3/2023,23:46,1
3/3/2023,23:49,3
3/4/2023,20:38,38
3/4/2023,20:57,19
3/4/2023,21:51,54
3/4/2023,22:07,16
3/9/2023,19:10,6
3/9/2023,19:10,0
3/9/2023,19:12,2
3/9/2023,19:18,6
3/9/2023,19:20,2
3/9/2023,19:22,2
3/9/2023,19:23,1
3/9/2023,19:33,10
3/9/2023,19:34,1
3/9/2023,19:35,1
3/9/2023,19:45,10
3/9/2023,19:46,1
3/9/2023,19:46,0
3/9/2023,19:46,0
3/9/2023,19:50,4
3/9/2023,19:51,1
3/9/2023,19:51,0
3/9/2023,19:59,8
3/9/2023,20:13,14
3/9/2023,20:17,4
3/9/2023,20:26,9
3/9/2023,20:26,0
3/9/2023,20:27,1
3/9/2023,20:33,6
3/9/2023,20:35,2
3/9/2023,20:39,4
3/9/2023,20:40,1
3/9/2023,20:46,6
3/9/2023,20:47,1
3/9/2023,20:47,0
3/9/2023,20:50,3
3/9/2023,20:51,1
3/9/2023,20:51,0
3/9/2023,20:53,2
3/9/2023,20:56,3
3/9/2023,21:03,7
3/9/2023,21:05,2
3/9/2023,21:06,1
3/9/2023,21:06,0
3/9/2023,21:11,5
3/9/2023,21:11,0
3/9/2023,21:18,7
3/9/2023,21:20,2
3/9/2023,21:27,7
3/9/2023,21:34,7
3/9/2023,21:34,0
3/9/2023,21:35,1
3/9/2023,21:35,0
3/9/2023,21:36,1
3/9/2023,21:38,2
3/9/2023,21:38,0
3/9/2023,21:41,3
3/9/2023,21:49,8
3/9/2023,21:57,8
3/9/2023,22:12,15
3/9/2023,22:21,9
3/9/2023,22:25,4
3/9/2023,22:29,4
3/9/2023,22:34,5
3/9/2023,22:37,3
3/9/2023,22:45,8
3/9/2023,22:49,4
3/9/2023,22:53,4
3/9/2023,22:56,3
3/9/2023,23:00,4
3/9/2023,23:02,2
3/9/2023,23:09,7
3/9/2023,23:12,3
3/9/2023,23:13,1
3/9/2023,23:14,1
3/9/2023,23:17,3
3/9/2023,23:18,1
3/9/2023,23:21,3
3/9/2023,23:26,5
3/9/2023,23:29,3
3/9/2023,23:29,0
3/9/2023,23:49,20
3/9/2023,23:49,0
3/9/2023,23:50,1
3/10/2023,19:04,3
3/10/2023,19:08,4
3/10/2023,19:32,24
3/10/2023,19:40,8
3/10/2023,19:46,6
3/10/2023,20:08,22
3/10/2023,20:36,28
3/10/2023,20:38,2
3/10/2023,20:42,4
3/10/2023,20:54,12
3/10/2023,21:02,8
3/10/2023,21:47,45
3/10/2023,21:52,5
3/10/2023,22:19,27
3/10/2023,22:29,10
3/10/2023,22:29,0
3/10/2023,22:35,6
3/10/2023,22:42,7
3/10/2023,22:43,1
3/10/2023,23:10,27
3/10/2023,23:33,23
3/10/2023,23:50,17
3/10/2023,23:55,5
3/11/2023,23:16,216
3/11/2023,23:40,24
3/16/2023,19:23,13
3/16/2023,20:21,58
3/16/2023,20:24,3
3/16/2023,21:41,77
3/16/2023,22:07,26
3/16/2023,22:19,12
3/16/2023,22:33,14
3/16/2023,23:18,45
3/16/2023,23:29,11
3/16/2023,23:37,8
3/16/2023,23:49,12
3/16/2023,23:58,9
3/17/2023,19:34,10
3/17/2023,19:37,3
3/17/2023,20:04,27
3/17/2023,21:06,62
3/17/2023,21:20,14
3/17/2023,21:28,8
3/17/2023,21:33,5
3/17/2023,22:11,38
3/17/2023,22:20,9
3/17/2023,22:25,5
3/17/2023,22:39,14
3/17/2023,23:05,26
3/17/2023,23:17,12
3/17/2023,23:28,11
3/17/2023,23:28,0
3/17/2023,23:45,17
3/17/2023,23:54,9
3/18/2023,19:12,9
3/18/2023,19:19,7
3/18/2023,19:22,3
3/18/2023,19:22,0
3/18/2023,19:43,21
3/18/2023,19:45,2
3/18/2023,19:48,3
3/18/2023,19:48,0
3/18/2023,19:55,7
3/18/2023,20:09,14
3/18/2023,20:17,8
3/18/2023,20:27,10
3/18/2023,20:29,2
3/18/2023,20:35,6
3/18/2023,20:37,2
3/18/2023,20:41,4
3/18/2023,20:46,5
3/18/2023,20:48,2
3/18/2023,21:06,18
3/18/2023,21:07,1
3/18/2023,21:09,2
3/18/2023,21:17,8
3/18/2023,21:29,12
3/18/2023,21:36,7
3/18/2023,21:38,2
3/18/2023,21:53,15
3/18/2023,22:01,8
3/18/2023,22:02,1
3/18/2023,22:03,1
3/18/2023,22:03,0
3/18/2023,22:27,24
3/18/2023,22:36,9
3/18/2023,22:45,9
3/18/2023,22:47,2
3/18/2023,22:53,6
3/18/2023,22:57,4
3/18/2023,23:05,8
3/18/2023,23:12,7
3/18/2023,23:29,17
3/18/2023,23:30,1
3/18/2023,23:30,0
3/18/2023,23:35,5
3/23/2023,19:14,1
3/23/2023,20:28,74
3/23/2023,20:59,31
3/23/2023,21:15,16
3/23/2023,21:30,15
3/23/2023,22:43,73
3/23/2023,23:18,35
3/23/2023,23:22,4
3/24/2023,19:49,1
3/24/2023,21:31,102
3/24/2023,21:54,23
3/24/2023,22:00,6
3/25/2023,19:14,7
3/25/2023,19:17,3
3/25/2023,19:17,0
3/25/2023,19:23,6
3/25/2023,19:27,4
3/25/2023,19:34,7
3/25/2023,19:39,5
3/25/2023,19:41,2
3/25/2023,19:59,18
3/25/2023,20:01,2
3/25/2023,20:05,4
3/25/2023,20:09,4
3/25/2023,20:17,8
3/25/2023,20:20,3
3/25/2023,20:24,4
3/25/2023,20:26,2
3/25/2023,20:28,2
3/25/2023,20:31,3
3/25/2023,20:34,3
3/25/2023,20:41,7
3/25/2023,20:43,2
3/25/2023,21:26,43
3/25/2023,21:30,4
3/25/2023,21:32,2
3/25/2023,21:40,8
3/25/2023,21:50,10
3/25/2023,22:00,10
3/25/2023,22:05,5
3/25/2023,22:15,10
3/25/2023,22:29,14
3/25/2023,22:56,27
3/25/2023,23:03,7
3/25/2023,23:06,3
3/25/2023,23:08,2
3/25/2023,23:10,2
3/25/2023,23:13,3
3/25/2023,23:25,12
3/25/2023,23:34,9
3/25/2023,23:38,4
3/25/2023,23:42,4
3/25/2023,23:42,0
3/25/2023,23:43,1
3/25/2023,23:44,1
3/25/2023,23:44,0
3/30/2023,20:43,67
3/30/2023,21:12,29
3/30/2023,21:22,10
3/30/2023,21:28,6
3/30/2023,21:50,22
3/30/2023,21:54,4
3/30/2023,22:03,9
3/30/2023,22:28,25
3/30/2023,23:30,62
3/30/2023,23:54,24
3/31/2023,20:15,28
3/31/2023,20:52,37
3/31/2023,21:04,12
3/31/2023,21:07,3
3/31/2023,22:07,60
3/31/2023,22:12,5
3/31/2023,22:14,2
3/31/2023,22:15,1
3/31/2023,22:36,21
3/31/2023,22:51,15
4/1/2023,20:34,48
4/1/2023,20:34,0
4/1/2023,20:39,5
4/1/2023,21:52,73
4/1/2023,22:39,47
4/1/2023,22:56,17
4/6/2023,19:46,42
4/6/2023,19:47,1
4/6/2023,20:01,14
4/6/2023,20:09,8
4/6/2023,20:10,1
4/6/2023,20:21,11
4/6/2023,20:33,12
4/6/2023,21:07,34
4/6/2023,21:24,17
4/6/2023,21:29,5
4/6/2023,21:34,5
4/6/2023,21:34,0
4/6/2023,21:40,6
4/6/2023,21:47,7
4/6/2023,21:49,2
4/6/2023,22:03,14
4/6/2023,22:17,14
4/6/2023,22:17,0
4/6/2023,22:20,3
4/6/2023,23:07,47
4/6/2023,23:18,11
4/6/2023,23:19,1
4/6/2023,23:33,14
4/6/2023,23:41,8
4/7/2023,19:16,12
4/7/2023,19:17,1
4/7/2023,19:18,1
4/7/2023,19:19,1
4/7/2023,19:35,16
4/7/2023,19:40,5
4/7/2023,19:41,1
4/7/2023,19:42,1
4/7/2023,19:51,9
4/7/2023,19:55,4
4/7/2023,19:58,3
4/7/2023,20:11,13
4/7/2023,20:12,1
4/7/2023,20:28,16
4/7/2023,20:37,9
4/7/2023,20:48,11
4/7/2023,20:49,1
4/7/2023,20:55,6
4/7/2023,21:00,5
4/7/2023,21:10,10
4/7/2023,21:15,5
4/7/2023,21:30,15
4/7/2023,21:35,5
4/7/2023,21:38,3
4/7/2023,21:50,12
4/7/2023,21:51,1
4/7/2023,21:55,4
4/7/2023,21:57,2
4/7/2023,21:57,0
4/7/2023,21:59,2
4/7/2023,21:59,0
4/7/2023,22:28,29
4/7/2023,22:34,6
4/7/2023,22:34,0
4/7/2023,22:46,12
4/7/2023,22:51,5
4/7/2023,22:51,0
4/7/2023,22:57,6
4/7/2023,23:01,4
4/7/2023,23:11,10
4/7/2023,23:11,0
4/7/2023,23:17,6
4/7/2023,23:23,6
4/7/2023,23:27,4
4/7/2023,23:36,9
4/7/2023,23:40,4
4/7/2023,23:40,0
4/7/2023,23:42,2
4/7/2023,23:47,5
4/8/2023,19:15,13
4/8/2023,19:50,35
4/8/2023,19:54,4
4/8/2023,20:00,6
4/8/2023,20:16,16
4/8/2023,20:20,4
4/8/2023,20:22,2
4/8/2023,20:22,0
4/8/2023,20:47,25
4/8/2023,21:21,34
4/8/2023,21:53,32
4/8/2023,22:07,14
4/8/2023,22:08,1
4/8/2023,22:19,11
4/8/2023,22:43,24
4/8/2023,22:51,8
4/8/2023,23:01,10
4/8/2023,23:11,10
4/8/2023,23:13,2
4/8/2023,23:19,6
4/8/2023,23:54,35
4/13/2023,19:12,12
4/13/2023,19:14,2
4/13/2023,19:16,2
4/13/2023,19:38,22
4/13/2023,19:39,1
4/13/2023,19:51,12
4/13/2023,19:54,3
4/13/2023,20:03,9
4/13/2023,20:05,2
4/13/2023,20:05,0
4/13/2023,20:07,2
4/13/2023,20:25,18
4/13/2023,20:27,2
4/13/2023,20:36,9
4/13/2023,20:36,0
4/13/2023,20:47,11
4/13/2023,20:53,6
4/13/2023,20:54,1
4/13/2023,20:59,5
4/13/2023,21:03,4
4/13/2023,21:12,9
4/13/2023,21:17,5
4/13/2023,21:17,0
4/13/2023,21:26,9
4/13/2023,21:34,8
4/13/2023,21:36,2
4/13/2023,21:41,5
4/13/2023,21:46,5
4/13/2023,21:46,0
4/13/2023,21:48,2
4/13/2023,21:53,5
4/13/2023,21:59,6
4/13/2023,22:01,2
4/13/2023,22:06,5
4/13/2023,22:18,12
4/13/2023,22:26,8
4/13/2023,22:30,4
4/13/2023,22:35,5
4/13/2023,22:47,12
4/13/2023,22:49,2
4/13/2023,22:54,5
4/13/2023,22:59,5
4/13/2023,23:13,14
4/13/2023,23:17,4
4/13/2023,23:32,15
4/13/2023,23:37,5
4/13/2023,23:43,6
4/13/2023,23:53,10
4/14/2023,21:01,37
4/14/2023,21:36,35
4/14/2023,22:32,56
4/14/2023,23:20,48
4/15/2023,19:17,11
4/15/2023,19:21,4
4/15/2023,19:22,1
4/15/2023,19:23,1
4/15/2023,19:23,0
4/15/2023,19:24,1
4/15/2023,19:28,4
4/15/2023,19:42,14
4/15/2023,19:50,8
4/15/2023,19:52,2
4/15/2023,19:59,7
4/15/2023,20:05,6
4/15/2023,20:13,8
4/15/2023,20:14,1
4/15/2023,20:16,2
4/15/2023,20:18,2
4/15/2023,20:19,1
4/15/2023,20:19,0
4/15/2023,20:19,0
4/15/2023,20:31,12
4/15/2023,20:35,4
4/15/2023,20:37,2
4/15/2023,20:40,3
4/15/2023,20:43,3
4/15/2023,20:45,2
4/15/2023,20:46,1
4/15/2023,20:48,2
4/15/2023,20:57,9
4/15/2023,20:57,0
4/15/2023,20:58,1
4/15/2023,20:59,1
4/15/2023,21:09,10
4/15/2023,21:15,6
4/15/2023,21:16,1
4/15/2023,21:22,6
4/15/2023,21:23,1
4/15/2023,21:23,0
4/15/2023,21:25,2
4/15/2023,21:48,23
4/15/2023,21:56,8
4/15/2023,21:59,3
4/15/2023,22:03,4
4/15/2023,22:13,10
4/15/2023,22:17,4
4/15/2023,22:19,2
4/15/2023,22:21,2
4/15/2023,22:24,3
4/15/2023,22:30,6
4/15/2023,22:43,13
4/15/2023,22:48,5
4/15/2023,22:51,3
4/15/2023,22:53,2
4/15/2023,22:54,1
4/15/2023,22:57,3
4/15/2023,23:06,9
4/15/2023,23:06,0
4/15/2023,23:08,2
4/15/2023,23:10,2
4/15/2023,23:15,5
4/15/2023,23:24,9
4/15/2023,23:26,2
4/15/2023,23:28,2
4/15/2023,23:30,2
4/15/2023,23:36,6
4/15/2023,23:45,9
4/15/2023,23:46,1
4/15/2023,23:48,2
4/15/2023,23:50,2
4/15/2023,23:52,2
4/15/2023,23:58,6
4/20/2023,19:48,43
4/20/2023,20:01,13
4/20/2023,20:28,27
4/20/2023,20:54,26
4/20/2023,21:04,10
4/20/2023,21:49,45
4/20/2023,21:54,5
4/20/2023,22:52,58
4/20/2023,23:39,47
4/21/2023,19:09,9
4/21/2023,19:16,7
4/21/2023,19:32,16
4/21/2023,19:40,8
4/21/2023,19:51,11
4/21/2023,20:18,27
4/21/2023,20:20,2
4/21/2023,20:42,22
4/21/2023,20:59,17
4/21/2023,21:23,24
4/21/2023,21:25,2
4/21/2023,21:30,5
4/21/2023,21:31,1
4/21/2023,21:42,11
4/21/2023,22:39,57
4/21/2023,23:33,54
4/21/2023,23:48,15
4/22/2023,19:16,16
4/22/2023,19:25,9
4/22/2023,19:26,1
4/22/2023,19:35,9
4/22/2023,19:53,18
4/22/2023,20:11,18
4/22/2023,20:20,9
4/22/2023,20:23,3
4/22/2023,20:23,0
4/22/2023,21:01,38
4/22/2023,21:02,1
4/22/2023,21:08,6
4/22/2023,21:10,2
4/22/2023,21:16,6
4/22/2023,21:18,2
4/22/2023,21:20,2
4/22/2023,21:20,0
4/22/2023,21:32,12
4/22/2023,21:35,3
4/22/2023,21:43,8
4/22/2023,21:47,4
4/22/2023,21:47,0
4/22/2023,21:54,7
4/22/2023,22:11,17
4/22/2023,22:14,3
4/22/2023,22:17,3
4/22/2023,22:27,10
4/22/2023,22:45,18
4/22/2023,22:52,7
4/22/2023,22:58,6
4/22/2023,22:58,0
4/22/2023,23:32,34
4/22/2023,23:39,7
4/22/2023,23:43,4
4/22/2023,23:44,1
4/22/2023,23:55,11
4/22/2023,23:58,3
4/27/2023,19:11,5
4/27/2023,19:14,3
4/27/2023,19:15,1
4/27/2023,19:17,2
4/27/2023,19:28,11
4/27/2023,19:34,6
4/27/2023,19:37,3
4/27/2023,19:51,14
4/27/2023,20:12,21
4/27/2023,20:15,3
4/27/2023,20:17,2
4/27/2023,20:31,14
4/27/2023,20:34,3
4/27/2023,20:37,3
4/27/2023,20:39,2
4/27/2023,20:45,6
4/27/2023,20:46,1
4/27/2023,20:46,0
4/27/2023,21:08,22
4/27/2023,21:14,6
4/27/2023,21:15,1
4/27/2023,21:17,2
4/27/2023,21:17,0
4/27/2023,21:22,5
4/27/2023,21:26,4
4/27/2023,21:27,1
4/27/2023,21:28,1
4/27/2023,21:42,14
4/27/2023,22:03,21
4/27/2023,22:04,1
4/27/2023,22:06,2
4/27/2023,22:12,6
4/27/2023,22:22,10
4/27/2023,22:26,4
4/27/2023,22:30,4
4/27/2023,22:30,0
4/27/2023,22:36,6
4/27/2023,22:43,7
4/27/2023,23:09,26
4/27/2023,23:12,3
4/27/2023,23:13,1
4/27/2023,23:16,3
4/27/2023,23:29,13
4/27/2023,23:40,11
4/27/2023,23:43,3
4/27/2023,23:45,2
4/27/2023,23:46,1
4/27/2023,23:55,9
4/28/2023,19:19,3
4/28/2023,19:30,11
4/28/2023,19:36,6
4/28/2023,19:40,4
4/28/2023,19:46,6
4/28/2023,19:49,3
4/28/2023,19:54,5
4/28/2023,19:56,2
4/28/2023,20:07,11
4/28/2023,20:14,7
4/28/2023,20:16,2
4/28/2023,20:21,5
4/28/2023,20:26,5
4/28/2023,20:33,7
4/28/2023,20:44,11
4/28/2023,20:59,15
4/28/2023,21:20,21
4/28/2023,21:36,16
4/28/2023,21:58,22
4/28/2023,21:58,0
4/28/2023,22:00,2
4/28/2023,22:01,1
4/28/2023,22:17,16
4/28/2023,22:20,3
4/28/2023,22:34,14
4/28/2023,22:58,24
4/28/2023,23:03,5
4/28/2023,23:17,14
4/28/2023,23:19,2
4/28/2023,23:24,5
4/28/2023,23:33,9
4/29/2023,19:05,2
4/29/2023,19:05,0
4/29/2023,19:33,28
4/29/2023,19:45,12
4/29/2023,20:04,19
4/29/2023,20:08,4
4/29/2023,20:10,2
4/29/2023,20:15,5
4/29/2023,20:16,1
4/29/2023,20:17,1
4/29/2023,20:19,2
4/29/2023,20:38,19
4/29/2023,20:42,4
4/29/2023,20:47,5
4/29/2023,20:55,8
4/29/2023,21:02,7
4/29/2023,21:05,3
4/29/2023,21:21,16
4/29/2023,21:27,6
4/29/2023,21:41,14
4/29/2023,21:43,2
4/29/2023,21:43,0
4/29/2023,21:51,8
4/29/2023,21:55,4
4/29/2023,21:59,4
4/29/2023,22:07,8
4/29/2023,22:12,5
4/29/2023,22:24,12
4/29/2023,22:26,2
4/29/2023,22:39,13
4/29/2023,22:40,1
4/29/2023,22:45,5
4/29/2023,22:53,8
4/29/2023,22:59,6
4/29/2023,23:00,1
4/29/2023,23:05,5
4/29/2023,23:14,9
4/29/2023,23:17,3
4/29/2023,23:29,12
4/29/2023,23:32,3
4/29/2023,23:37,5
4/29/2023,23:40,3
4/29/2023,23:42,2
4/29/2023,23:48,6
4/29/2023,23:53,5
4/29/2023,23:56,3
5/4/2023,19:01,0
5/4/2023,19:04,3
5/4/2023,19:22,18
5/4/2023,19:33,11
5/4/2023,19:40,7
5/4/2023,19:42,2
5/4/2023,19:47,5
5/4/2023,19:50,3
5/4/2023,20:12,22
5/4/2023,20:16,4
5/4/2023,20:18,2
5/4/2023,20:21,3
5/4/2023,20:25,4
5/4/2023,20:27,2
5/4/2023,20:31,4
5/4/2023,20:32,1
5/4/2023,20:35,3
5/4/2023,20:42,7
5/4/2023,20:42,0
5/4/2023,20:55,13
5/4/2023,20:57,2
5/4/2023,20:58,1
5/4/2023,21:02,4
5/4/2023,21:02,0
5/4/2023,21:03,1
5/4/2023,21:03,0
5/4/2023,21:05,2
5/4/2023,21:28,23
5/4/2023,21:36,8
5/4/2023,21:36,0
5/4/2023,21:40,4
5/4/2023,21:46,6
5/4/2023,21:48,2
5/4/2023,21:49,1
5/4/2023,21:54,5
5/4/2023,22:21,27
5/4/2023,22:32,11
5/4/2023,22:36,4
5/4/2023,22:57,21
5/4/2023,23:02,5
5/4/2023,23:02,0
5/4/2023,23:08,6
5/4/2023,23:13,5
5/4/2023,23:18,5
5/4/2023,23:21,3
5/4/2023,23:35,14
5/4/2023,23:36,1
5/4/2023,23:43,7
5/4/2023,23:44,1
5/4/2023,23:56,12
5/4/2023,23:56,0
5/5/2023,19:11,7
5/5/2023,19:18,7
5/5/2023,19:24,6
5/5/2023,19:31,7
5/5/2023,19:32,1
5/5/2023,19:37,5
5/5/2023,19:38,1
5/5/2023,19:48,10
5/5/2023,19:56,8
5/5/2023,20:04,8
5/5/2023,20:05,1
5/5/2023,20:16,11
5/5/2023,20:18,2
5/5/2023,20:20,2
5/5/2023,20:27,7
5/5/2023,20:37,10
5/5/2023,20:38,1
5/5/2023,20:46,8
5/5/2023,20:57,11
5/5/2023,21:00,3
5/5/2023,21:07,7
5/5/2023,21:09,2
5/5/2023,21:15,6
5/5/2023,21:27,12
5/5/2023,21:27,0
5/5/2023,21:51,24
5/5/2023,21:52,1
5/5/2023,22:01,9
5/5/2023,22:18,17
5/5/2023,22:19,1
5/5/2023,22:23,4
5/5/2023,22:26,3
5/5/2023,22:34,8
5/5/2023,22:35,1
5/5/2023,22:49,14
5/5/2023,22:53,4
5/5/2023,22:58,5
5/5/2023,23:01,3
5/5/2023,23:13,12
5/5/2023,23:17,4
5/5/2023,23:22,5
5/5/2023,23:26,4
5/5/2023,23:34,8
5/5/2023,23:50,16
5/6/2023,19:19,1
5/6/2023,19:59,40
5/6/2023,20:04,5
5/6/2023,20:46,42
5/6/2023,20:52,6
5/6/2023,21:01,9
5/6/2023,21:12,11
5/6/2023,21:14,2
5/6/2023,21:25,11
5/6/2023,21:26,1
5/6/2023,21:47,21
5/6/2023,21:48,1
5/6/2023,21:57,9
5/6/2023,22:16,19
5/6/2023,22:19,3
5/6/2023,22:44,25
5/6/2023,22:53,9
5/6/2023,23:04,11
5/6/2023,23:28,24
5/6/2023,23:52,24
5/6/2023,23:54,2
5/11/2023,19:05,2
5/11/2023,19:05,0
5/11/2023,19:17,12
5/11/2023,19:18,1
5/11/2023,19:23,5
5/11/2023,19:29,6
5/11/2023,19:30,1
5/11/2023,19:35,5
5/11/2023,19:36,1
5/11/2023,19:37,1
5/11/2023,19:43,6
5/11/2023,19:47,4
5/11/2023,19:53,6
5/11/2023,19:54,1
5/11/2023,19:56,2
5/11/2023,19:56,0
5/11/2023,19:58,2
5/11/2023,20:07,9
5/11/2023,20:08,1
5/11/2023,20:10,2
5/11/2023,20:11,1
5/11/2023,20:14,3
5/11/2023,20:18,4
5/11/2023,20:23,5
5/11/2023,20:24,1
5/11/2023,20:30,6
5/11/2023,20:33,3
5/11/2023,20:34,1
5/11/2023,20:41,7
5/11/2023,20:41,0
5/11/2023,20:42,1
5/11/2023,20:50,8
5/11/2023,20:52,2
5/11/2023,20:54,2
5/11/2023,21:04,10
5/11/2023,21:05,1
5/11/2023,21:05,0
5/11/2023,21:10,5
5/11/2023,21:11,1
5/11/2023,21:20,9
5/11/2023,21:22,2
5/11/2023,21:26,4
5/11/2023,21:30,4
5/11/2023,21:31,1
5/11/2023,21:31,0
5/11/2023,21:31,0
5/11/2023,21:40,9
5/11/2023,21:41,1
5/11/2023,21:48,7
5/11/2023,21:51,3
5/11/2023,22:07,16
5/11/2023,22:10,3
5/11/2023,22:14,4
5/11/2023,22:19,5
5/11/2023,22:21,2
5/11/2023,22:22,1
5/11/2023,22:26,4
5/11/2023,22:26,0
5/11/2023,22:29,3
5/11/2023,22:32,3
5/11/2023,22:32,0
5/11/2023,22:41,9
5/11/2023,22:49,8
5/11/2023,22:54,5
5/11/2023,22:58,4
5/11/2023,22:59,1
5/11/2023,23:03,4
5/11/2023,23:04,1
5/11/2023,23:06,2
5/11/2023,23:12,6
5/11/2023,23:26,14
5/11/2023,23:27,1
5/11/2023,23:40,13
5/11/2023,23:45,5
5/11/2023,23:46,1
5/11/2023,23:49,3
5/11/2023,23:53,4
5/11/2023,23:53,0
5/12/2023,19:15,6
5/12/2023,19:19,4
5/12/2023,19:42,23
5/12/2023,19:46,4
5/12/2023,19:55,9
5/12/2023,20:01,6
5/12/2023,20:06,5
5/12/2023,20:12,6
5/12/2023,20:14,2
5/12/2023,20:22,8
5/12/2023,20:24,2
5/12/2023,20:27,3
5/12/2023,20:29,2
5/12/2023,20:47,18
5/12/2023,21:17,30
5/12/2023,21:27,10
5/12/2023,21:39,12
5/12/2023,21:42,3
5/12/2023,21:50,8
5/12/2023,21:54,4
5/12/2023,22:01,7
5/12/2023,22:01,0
5/12/2023,22:09,8
5/12/2023,22:15,6
5/12/2023,22:19,4
5/12/2023,22:22,3
5/12/2023,22:32,10
5/12/2023,22:53,21
5/12/2023,22:56,3
5/12/2023,23:03,7
5/12/2023,23:05,2
5/12/2023,23:07,2
5/12/2023,23:11,4
5/12/2023,23:34,23
5/12/2023,23:36,2
5/12/2023,23:39,3
5/13/2023,19:06,5
5/13/2023,19:10,4
5/13/2023,19:19,9
5/13/2023,19:21,2
5/13/2023,20:12,51
5/13/2023,20:34,22
5/13/2023,20:35,1
5/13/2023,20:40,5
5/13/2023,20:45,5
5/13/2023,20:45,0
5/13/2023,20:51,6
5/13/2023,20:51,0
5/13/2023,21:06,15
5/13/2023,21:21,15
5/13/2023,21:23,2
5/13/2023,21:33,10
5/13/2023,21:41,8
5/13/2023,22:00,19
5/13/2023,22:07,7
5/13/2023,22:32,25
5/13/2023,22:42,10
5/13/2023,22:44,2
5/13/2023,23:09,25
5/13/2023,23:36,27
5/13/2023,23:37,1
5/13/2023,23:40,3
5/13/2023,23:46,6
5/13/2023,23:49,3
5/13/2023,23:57,8
5/18/2023,19:02,1
5/18/2023,19:06,4
5/18/2023,19:12,6
5/18/2023,19:16,4
5/18/2023,19:41,25
5/18/2023,20:22,41
5/18/2023,20:26,4
5/18/2023,20:28,2
5/18/2023,20:34,6
5/18/2023,20:36,2
5/18/2023,20:39,3
5/18/2023,20:42,3
5/18/2023,20:43,1
5/18/2023,20:44,1
5/18/2023,20:51,7
5/18/2023,20:56,5
5/18/2023,21:08,12
5/18/2023,21:10,2
5/18/2023,21:25,15
5/18/2023,21:39,14
5/18/2023,21:46,7
5/18/2023,21:50,4
5/18/2023,21:52,2
5/18/2023,21:53,1
5/18/2023,21:56,3
5/18/2023,22:05,9
5/18/2023,22:05,0
5/18/2023,22:08,3
5/18/2023,22:12,4
5/18/2023,22:25,13
5/18/2023,22:27,2
5/18/2023,22:31,4
5/18/2023,22:32,1
5/18/2023,22:39,7
5/18/2023,22:43,4
5/18/2023,22:45,2
5/18/2023,22:54,9
5/18/2023,22:59,5
5/18/2023,23:08,9
5/18/2023,23:18,10
5/18/2023,23:22,4
5/18/2023,23:24,2
5/18/2023,23:29,5
5/18/2023,23:33,4
5/18/2023,23:33,0
5/18/2023,23:37,4
5/18/2023,23:50,13
5/19/2023,19:39,1
5/19/2023,19:54,15
5/19/2023,19:59,5
5/19/2023,20:00,1
5/19/2023,20:17,17
5/19/2023,20:18,1
5/19/2023,20:18,0
5/19/2023,20:31,13
5/19/2023,20:33,2
5/19/2023,21:07,34
5/19/2023,22:01,54
5/19/2023,22:14,13
5/19/2023,22:19,5
5/19/2023,22:30,11
5/19/2023,22:38,8
5/19/2023,22:48,10
5/19/2023,22:49,1
5/19/2023,22:51,2
5/19/2023,22:54,3
5/19/2023,22:55,1
5/19/2023,22:55,0
5/19/2023,23:02,7
5/19/2023,23:02,0
5/19/2023,23:13,11
5/19/2023,23:15,2
5/19/2023,23:17,2
5/19/2023,23:20,3
5/19/2023,23:41,21
5/19/2023,23:44,3
5/19/2023,23:48,4
5/19/2023,23:59,11
5/20/2023,19:09,4
5/20/2023,19:20,11
5/20/2023,19:28,8
5/20/2023,19:44,16
5/20/2023,19:56,12
5/20/2023,20:52,56
5/20/2023,20:53,1
5/20/2023,21:07,14
5/20/2023,21:14,7
5/20/2023,22:05,51
5/20/2023,22:06,1
5/20/2023,22:32,26
5/20/2023,22:45,13
5/20/2023,22:48,3
5/20/2023,22:52,4
5/20/2023,22:58,6
5/20/2023,23:00,2
5/20/2023,23:11,11
5/20/2023,23:18,7
5/20/2023,23:37,19
5/20/2023,23:43,6
5/20/2023,23:44,1
5/25/2023,19:32,8
5/25/2023,19:50,18
5/25/2023,20:28,38
5/25/2023,20:32,4
5/25/2023,20:56,24
5/25/2023,20:58,2
5/25/2023,21:02,4
5/25/2023,21:11,9
5/25/2023,21:14,3
5/25/2023,21:20,6
5/25/2023,21:24,4
5/25/2023,21:34,10
5/25/2023,21:37,3
5/25/2023,21:37,0
5/25/2023,21:39,2
5/25/2023,21:46,7
5/25/2023,21:47,1
5/25/2023,21:48,1
5/25/2023,21:59,11
5/25/2023,22:05,6
5/25/2023,22:08,3
5/25/2023,22:18,10
5/25/2023,22:20,2
5/25/2023,22:24,4
5/25/2023,22:33,9
5/25/2023,22:36,3
5/25/2023,22:39,3
5/25/2023,22:43,4
5/25/2023,22:56,13
5/25/2023,22:59,3
5/25/2023,23:06,7
5/25/2023,23:16,10
5/25/2023,23:16,0
5/25/2023,23:27,11
5/25/2023,23:27,0
5/25/2023,23:28,1
5/25/2023,23:44,16
5/25/2023,23:47,3
5/25/2023,23:52,5
5/26/2023,19:33,24
5/26/2023,19:34,1
5/26/2023,19:38,4
5/26/2023,19:51,13
5/26/2023,19:54,3
5/26/2023,19:55,1
5/26/2023,20:18,23
5/26/2023,20:21,3
5/26/2023,20:26,5
5/26/2023,20:33,7
5/26/2023,20:34,1
5/26/2023,20:37,3
5/26/2023,20:38,1
5/26/2023,20:39,1
5/26/2023,20:40,1
5/26/2023,20:50,10
5/26/2023,20:50,0
5/26/2023,20:52,2
5/26/2023,21:04,12
5/26/2023,21:06,2
5/26/2023,21:10,4
5/26/2023,21:15,5
5/26/2023,21:34,19
5/26/2023,21:41,7
5/26/2023,21:41,0
5/26/2023,21:43,2
5/26/2023,21:49,6
5/26/2023,21:57,8
5/26/2023,21:59,2
5/26/2023,22:00,1
5/26/2023,22:01,1
5/26/2023,22:09,8
5/26/2023,22:14,5
5/26/2023,22:23,9
5/26/2023,22:42,19
5/26/2023,22:46,4
5/26/2023,22:47,1
5/26/2023,22:47,0
5/26/2023,22:50,3
5/26/2023,22:50,0
5/26/2023,22:54,4
5/26/2023,23:00,6
5/26/2023,23:10,10
5/26/2023,23:35,25
5/26/2023,23:55,20
5/27/2023,19:15,8
5/27/2023,19:22,7
5/27/2023,19:45,23
5/27/2023,20:13,28
5/27/2023,20:16,3
5/27/2023,20:37,21
5/27/2023,21:48,71
5/27/2023,22:03,15
5/27/2023,23:00,57
5/27/2023,23:07,7
5/27/2023,23:07,0
5/27/2023,23:53,46
6/1/2023,19:06,3
6/1/2023,19:11,5
6/1/2023,19:18,7
6/1/2023,19:21,3
6/1/2023,19:32,11
6/1/2023,19:46,14
6/1/2023,19:50,4
6/1/2023,20:04,14
6/1/2023,20:06,2
6/1/2023,20:06,0
6/1/2023,20:41,35
6/1/2023,20:49,8
6/1/2023,20:49,0
6/1/2023,21:00,11
6/1/2023,21:19,19
6/1/2023,21:33,14
6/1/2023,21:55,22
6/1/2023,21:57,2
6/1/2023,22:24,27
6/1/2023,23:29,65
6/1/2023,23:31,2
6/2/2023,20:30,1
6/2/2023,20:36,6
6/2/2023,20:47,11
6/2/2023,21:02,15
6/2/2023,21:06,4
6/2/2023,21:15,9
6/2/2023,21:31,16
6/2/2023,23:28,117
6/2/2023,23:51,23
6/3/2023,19:38,11
6/3/2023,19:43,5
6/3/2023,19:49,6
6/3/2023,19:55,6
6/3/2023,20:03,8
6/3/2023,20:20,17
6/3/2023,20:34,14
6/3/2023,20:34,0
6/3/2023,20:38,4
6/3/2023,20:49,11
6/3/2023,21:48,59
6/3/2023,21:50,2
6/3/2023,21:57,7
6/3/2023,22:47,50
6/3/2023,23:21,34
6/3/2023,23:26,5
6/3/2023,23:34,8
6/8/2023,19:12,0
6/8/2023,19:15,3
6/8/2023,19:15,0
6/8/2023,19:20,5
6/8/2023,19:21,1
6/8/2023,19:28,7
6/8/2023,19:28,0
6/8/2023,19:29,1
6/8/2023,19:36,7
6/8/2023,19:43,7
6/8/2023,19:44,1
6/8/2023,19:45,1
6/8/2023,19:46,1
6/8/2023,19:57,11
6/8/2023,20:03,6
6/8/2023,20:13,10
6/8/2023,20:14,1
6/8/2023,20:18,4
6/8/2023,20:31,13
6/8/2023,20:32,1
6/8/2023,20:36,4
6/8/2023,20:41,5
6/8/2023,20:44,3
6/8/2023,20:48,4
6/8/2023,20:51,3
6/8/2023,20:55,4
6/8/2023,21:08,13
6/8/2023,21:17,9
6/8/2023,21:27,10
6/8/2023,21:31,4
6/8/2023,21:37,6
6/8/2023,21:38,1
6/8/2023,21:38,0
6/8/2023,21:52,14
6/8/2023,21:59,7
6/8/2023,22:02,3
6/8/2023,22:11,9
6/8/2023,22:17,6
6/8/2023,22:17,0
6/8/2023,22:18,1
6/8/2023,22:20,2
6/8/2023,22:24,4
6/8/2023,22:25,1
6/8/2023,22:32,7
6/8/2023,22:32,0
6/8/2023,22:32,0
6/8/2023,22:35,3
6/8/2023,22:36,1
6/8/2023,22:38,2
6/8/2023,22:39,1
6/8/2023,22:41,2
6/8/2023,22:43,2
6/8/2023,22:49,6
6/8/2023,22:57,8
6/8/2023,23:04,7
6/8/2023,23:10,6
6/8/2023,23:10,0
6/8/2023,23:15,5
6/8/2023,23:17,2
6/8/2023,23:18,1
6/8/2023,23:18,0
6/8/2023,23:27,9
6/8/2023,23:29,2
6/8/2023,23:29,0
6/8/2023,23:31,2
6/8/2023,23:35,4
6/8/2023,23:37,2
6/8/2023,23:44,7
6/8/2023,23:49,5
6/9/2023,19:03,3
6/9/2023,19:06,3
6/9/2023,19:11,5
6/9/2023,19:14,3
6/9/2023,19:15,1
6/9/2023,19:21,6
6/9/2023,19:32,11
6/9/2023,19:36,4
6/9/2023,19:36,0
6/9/2023,19:40,4
6/9/2023,19:54,14
6/9/2023,19:56,2
6/9/2023,19:58,2
6/9/2023,20:02,4
6/9/2023,20:10,8
6/9/2023,20:33,23
6/9/2023,20:38,5
6/9/2023,20:40,2
6/9/2023,20:43,3
6/9/2023,20:45,2
6/9/2023,20:47,2
6/9/2023,20:50,3
6/9/2023,20:55,5
6/9/2023,20:58,3
6/9/2023,21:04,6
6/9/2023,21:11,7
6/9/2023,21:20,9
6/9/2023,21:25,5
6/9/2023,21:30,5
6/9/2023,21:40,10
6/9/2023,21:42,2
6/9/2023,21:43,1
6/9/2023,21:44,1
6/9/2023,21:54,10
6/9/2023,21:56,2
6/9/2023,22:10,14
6/9/2023,22:26,16
6/9/2023,22:26,0
6/9/2023,22:29,3
6/9/2023,22:38,9
6/9/2023,22:50,12
6/9/2023,22:51,1
6/9/2023,22:52,1
6/9/2023,22:58,6
6/9/2023,23:00,2
6/9/2023,23:00,0
6/9/2023,23:09,9
6/9/2023,23:12,3
6/9/2023,23:13,1
6/9/2023,23:26,13
6/9/2023,23:26,0
6/9/2023,23:30,4
6/9/2023,23:32,2
6/9/2023,23:34,2
6/9/2023,23:43,9
6/9/2023,23:50,7
6/10/2023,19:01,0
6/10/2023,19:01,0
6/10/2023,19:01,0
6/10/2023,19:02,1
6/10/2023,19:04,2
6/10/2023,19:05,1
6/10/2023,19:10,5
6/10/2023,19:13,3
6/10/2023,19:13,0
6/10/2023,19:27,14
6/10/2023,19:35,8
6/10/2023,19:35,0
6/10/2023,19:43,8
6/10/2023,19:43,0
6/10/2023,19:54,11
6/10/2023,19:58,4
6/10/2023,20:01,3
6/10/2023,20:03,2
6/10/2023,20:03,0
6/10/2023,20:11,8
6/10/2023,20:13,2
6/10/2023,20:22,9
6/10/2023,20:27,5
6/10/2023,20:30,3
6/10/2023,20:33,3
6/10/2023,20:33,0
6/10/2023,20:34,1
6/10/2023,20:38,4
6/10/2023,20:49,11
6/10/2023,20:50,1
6/10/2023,20:54,4
6/10/2023,20:54,0
6/10/2023,20:58,4
6/10/2023,21:04,6
6/10/2023,21:11,7
6/10/2023,21:20,9
6/10/2023,21:21,1
6/10/2023,21:27,6
6/10/2023,21:29,2
6/10/2023,21:31,2
6/10/2023,21:33,2
6/10/2023,21:37,4
6/10/2023,21:44,7
6/10/2023,21:47,3
6/10/2023,21:47,0
6/10/2023,21:50,3
6/10/2023,21:56,6
6/10/2023,21:58,2
6/10/2023,22:07,9
6/10/2023,22:09,2
6/10/2023,22:17,8
6/10/2023,22:18,1
6/10/2023,22:19,1
6/10/2023,22:28,9
6/10/2023,22:31,3
6/10/2023,22:37,6
6/10/2023,22:47,10
6/10/2023,22:55,8
6/10/2023,22:57,2
6/10/2023,22:57,0
6/10/2023,23:07,10
6/10/2023,23:08,1
6/10/2023,23:18,10
6/10/2023,23:18,0
6/10/2023,23:22,4
6/10/2023,23:23,1
6/10/2023,23:25,2
6/10/2023,23:30,5
6/10/2023,23:33,3
6/10/2023,23:38,5
6/10/2023,23:53,15
6/10/2023,23:56,3
6/15/2023,20:13,18
6/15/2023,20:17,4
6/15/2023,20:31,14
6/15/2023,20:32,1
6/15/2023,20:57,25
6/15/2023,20:59,2
6/15/2023,21:19,20
6/15/2023,21:26,7
6/15/2023,21:30,4
6/15/2023,21:47,17
6/15/2023,21:51,4
6/15/2023,22:25,34
6/15/2023,22:32,7
6/15/2023,22:37,5
6/15/2023,23:08,31
6/15/2023,23:09,1
6/15/2023,23:15,6
6/16/2023,19:01,1
6/16/2023,19:01,0
6/16/2023,19:06,5
6/16/2023,19:18,12
6/16/2023,19:21,3
6/16/2023,19:30,9
6/16/2023,19:33,3
6/16/2023,19:37,4
6/16/2023,19:37,0
6/16/2023,19:38,1
6/16/2023,19:39,1
6/16/2023,19:48,9
6/16/2023,19:50,2
6/16/2023,20:08,18
6/16/2023,20:11,3
6/16/2023,20:16,5
6/16/2023,20:30,14
6/16/2023,20:34,4
6/16/2023,20:48,14
6/16/2023,20:50,2
6/16/2023,20:51,1
6/16/2023,20:59,8
6/16/2023,21:09,10
6/16/2023,21:14,5
6/16/2023,21:15,1
6/16/2023,21:31,16
6/16/2023,21:32,1
6/16/2023,21:43,11
6/16/2023,22:15,32
6/16/2023,22:17,2
6/16/2023,22:18,1
6/16/2023,22:25,7
6/16/2023,22:31,6
6/16/2023,22:41,10
6/16/2023,22:48,7
6/16/2023,22:50,2
6/16/2023,23:06,16
6/16/2023,23:08,2
6/16/2023,23:21,13
6/16/2023,23:24,3
6/16/2023,23:26,2
6/16/2023,23:29,3
6/16/2023,23:36,7
6/16/2023,23:40,4
6/16/2023,23:40,0
6/16/2023,23:46,6
6/16/2023,23:47,1
6/16/2023,23:47,0
6/16/2023,23:48,1
6/16/2023,23:58,10
6/17/2023,19:11,8
6/17/2023,19:16,5
6/17/2023,19:21,5
6/17/2023,19:21,0
6/17/2023,19:26,5
6/17/2023,19:31,5
6/17/2023,19:34,3
6/17/2023,19:35,1
6/17/2023,19:36,1
6/17/2023,19:38,2
6/17/2023,19:43,5
6/17/2023,19:46,3
6/17/2023,19:49,3
6/17/2023,19:49,0
6/17/2023,19:54,5
6/17/2023,20:01,7
6/17/2023,20:02,1
6/17/2023,20:05,3
6/17/2023,20:09,4
6/17/2023,20:15,6
6/17/2023,20:16,1
6/17/2023,20:42,26
6/17/2023,20:49,7
6/17/2023,20:50,1
6/17/2023,20:54,4
6/17/2023,20:56,2
6/17/2023,21:05,9
6/17/2023,21:08,3
6/17/2023,21:17,9
6/17/2023,21:33,16
6/17/2023,21:39,6
6/17/2023,21:40,1
6/17/2023,21:48,8
6/17/2023,21:53,5
6/17/2023,21:56,3
6/17/2023,21:59,3
6/17/2023,22:07,8
6/17/2023,22:25,18
6/17/2023,22:31,6
6/17/2023,22:40,9
6/17/2023,22:45,5
6/17/2023,22:53,8
6/17/2023,23:06,13
6/17/2023,23:22,16
6/17/2023,23:22,0
6/17/2023,23:22,0
6/17/2023,23:32,10
6/17/2023,23:33,1
6/17/2023,23:53,20
6/17/2023,23:55,2
6/17/2023,23:57,2
6/22/2023,19:35,34
6/22/2023,20:10,35
6/22/2023,20:26,16
6/22/2023,20:44,18
6/22/2023,20:47,3
6/22/2023,21:11,24
6/22/2023,21:52,41
6/22/2023,22:06,14
6/22/2023,23:01,55
6/22/2023,23:06,5
6/22/2023,23:23,17
6/22/2023,23:28,5
6/22/2023,23:30,2
6/22/2023,23:46,16
6/23/2023,19:05,3
6/23/2023,19:07,2
6/23/2023,19:11,4
6/23/2023,19:13,2
6/23/2023,19:14,1
6/23/2023,19:17,3
6/23/2023,19:17,0
6/23/2023,19:18,1
6/23/2023,19:21,3
6/23/2023,19:23,2
6/23/2023,19:27,4
6/23/2023,19:31,4
6/23/2023,19:31,0
6/23/2023,19:38,7
6/23/2023,19:39,1
6/23/2023,19:48,9
6/23/2023,19:52,4
6/23/2023,19:55,3
6/23/2023,20:03,8
6/23/2023,20:07,4
6/23/2023,20:09,2
6/23/2023,20:27,18
6/23/2023,20:27,0
6/23/2023,20:31,4
6/23/2023,20:33,2
6/23/2023,20:51,18
6/23/2023,20:54,3
6/23/2023,20:55,1
6/23/2023,20:56,1
6/23/2023,20:57,1
6/23/2023,21:01,4
6/23/2023,21:05,4
6/23/2023,21:08,3
6/23/2023,21:12,4
6/23/2023,21:19,7
6/23/2023,21:20,1
6/23/2023,21:33,13
6/23/2023,21:35,2
6/23/2023,21:35,0
6/23/2023,21:36,1
6/23/2023,21:36,0
6/23/2023,21:38,2
6/23/2023,21:43,5
6/23/2023,21:44,1
6/23/2023,21:46,2
6/23/2023,21:55,9
6/23/2023,21:57,2
6/23/2023,21:59,2
6/23/2023,21:59,0
6/23/2023,22:02,3
6/23/2023,22:08,6
6/23/2023,22:10,2
6/23/2023,22:13,3
6/23/2023,22:21,8
6/23/2023,22:21,0
6/23/2023,22:25,4
6/23/2023,22:31,6
6/23/2023,22:36,5
6/23/2023,22:40,4
6/23/2023,23:13,33
6/23/2023,23:15,2
6/23/2023,23:19,4
6/23/2023,23:23,4
6/23/2023,23:26,3
6/23/2023,23:34,8
6/23/2023,23:35,1
6/23/2023,23:36,1
6/23/2023,23:40,4
6/23/2023,23:45,5
6/23/2023,23:47,2
6/23/2023,23:47,0
6/23/2023,23:48,1
6/23/2023,23:53,5
6/23/2023,23:54,1
6/23/2023,23:54,0
6/24/2023,20:10,62
6/24/2023,22:37,147
6/24/2023,22:39,2
6/29/2023,19:09,2
6/29/2023,19:18,9
6/29/2023,19:24,6
6/29/2023,19:29,5
6/29/2023,19:31,2
6/29/2023,19:33,2
6/29/2023,19:40,7
6/29/2023,19:46,6
6/29/2023,19:54,8
6/29/2023,20:09,15
6/29/2023,20:12,3
6/29/2023,20:24,12
6/29/2023,20:24,0
6/29/2023,20:24,0
6/29/2023,20:25,1
6/29/2023,20:30,5
6/29/2023,20:31,1
6/29/2023,20:36,5
6/29/2023,20:36,0
6/29/2023,20:41,5
6/29/2023,20:42,1
6/29/2023,20:59,17
6/29/2023,21:01,2
6/29/2023,21:05,4
6/29/2023,21:16,11
6/29/2023,21:17,1
6/29/2023,21:19,2
6/29/2023,21:20,1
6/29/2023,21:24,4
6/29/2023,21:26,2
6/29/2023,21:33,7
6/29/2023,21:33,0
6/29/2023,21:38,5
6/29/2023,21:41,3
6/29/2023,21:43,2
6/29/2023,21:44,1
6/29/2023,21:48,4
6/29/2023,21:52,4
6/29/2023,21:55,3
6/29/2023,22:05,10
6/29/2023,22:11,6
6/29/2023,22:18,7
6/29/2023,22:19,1
6/29/2023,22:22,3
6/29/2023,22:28,6
6/29/2023,22:30,2
6/29/2023,22:33,3
6/29/2023,22:38,5
6/29/2023,22:42,4
6/29/2023,22:49,7
6/29/2023,22:51,2
6/29/2023,22:54,3
6/29/2023,23:01,7
6/29/2023,23:11,10
6/29/2023,23:12,1
6/29/2023,23:25,13
6/29/2023,23:36,11
6/29/2023,23:41,5
6/29/2023,23:46,5
6/29/2023,23:47,1
6/29/2023,23:52,5
6/29/2023,23:56,4
6/29/2023,23:58,2
6/30/2023,19:15,2
6/30/2023,19:21,6
6/30/2023,20:17,56
6/30/2023,20:25,8
6/30/2023,20:26,1
6/30/2023,20:46,20
6/30/2023,20:46,0
6/30/2023,21:14,28
6/30/2023,21:21,7
6/30/2023,21:26,5
6/30/2023,21:30,4
6/30/2023,21:48,18
6/30/2023,22:10,22
6/30/2023,22:11,1
6/30/2023,22:49,38
6/30/2023,22:55,6
6/30/2023,23:24,29
6/30/2023,23:56,32
7/1/2023,19:07,7
7/1/2023,19:13,6
7/1/2023,19:19,6
7/1/2023,19:20,1
7/1/2023,19:20,0
7/1/2023,19:21,1
7/1/2023,19:22,1
7/1/2023,19:23,1
7/1/2023,19:25,2
7/1/2023,19:32,7
7/1/2023,19:32,0
7/1/2023,19:36,4
7/1/2023,19:51,15
7/1/2023,19:54,3
7/1/2023,19:55,1
7/1/2023,20:00,5
7/1/2023,20:00,0
7/1/2023,20:05,5
7/1/2023,20:06,1
7/1/2023,20:12,6
7/1/2023,20:13,1
7/1/2023,20:18,5
7/1/2023,20:18,0
7/1/2023,20:20,2
7/1/2023,20:21,1
7/1/2023,20:23,2
7/1/2023,20:23,0
7/1/2023,20:28,5
7/1/2023,20:31,3
7/1/2023,20:32,1
7/1/2023,20:35,3
7/1/2023,20:40,5
7/1/2023,20:45,5
7/1/2023,21:05,20
7/1/2023,21:08,3
7/1/2023,21:10,2
7/1/2023,21:12,2
7/1/2023,21:17,5
7/1/2023,21:22,5
7/1/2023,21:24,2
7/1/2023,21:30,6
7/1/2023,21:30,0
7/1/2023,21:34,4
7/1/2023,21:35,1
7/1/2023,21:44,9
7/1/2023,21:47,3
7/1/2023,21:47,0
7/1/2023,21:50,3
7/1/2023,21:50,0
7/1/2023,21:53,3
7/1/2023,21:58,5
7/1/2023,22:05,7
7/1/2023,22:17,12
7/1/2023,22:22,5
7/1/2023,22:25,3
7/1/2023,22:32,7
7/1/2023,22:33,1
7/1/2023,22:57,24
7/1/2023,23:02,5
7/1/2023,23:05,3
7/1/2023,23:05,0
7/1/2023,23:10,5
7/1/2023,23:11,1
7/1/2023,23:14,3
7/1/2023,23:16,2
7/1/2023,23:19,3
7/1/2023,23:22,3
7/1/2023,23:30,8
7/1/2023,23:30,0
7/1/2023,23:41,11
7/1/2023,23:56,15
7/1/2023,23:58,2
7/6/2023,19:11,5
7/6/2023,19:15,4
7/6/2023,19:28,13
7/6/2023,19:31,3
7/6/2023,19:59,28
7/6/2023,20:05,6
7/6/2023,20:09,4
7/6/2023,20:14,5
7/6/2023,20:15,1
7/6/2023,20:26,11
7/6/2023,20:36,10
7/6/2023,20:38,2
7/6/2023,20:38,0
7/6/2023,20:40,2
7/6/2023,20:48,8
7/6/2023,20:57,9
7/6/2023,21:26,29
7/6/2023,21:30,4
7/6/2023,21:41,11
7/6/2023,21:44,3
7/6/2023,21:48,4
7/6/2023,21:49,1
7/6/2023,21:52,3
7/6/2023,22:01,9
7/6/2023,22:01,0
7/6/2023,22:13,12
7/6/2023,22:18,5
7/6/2023,22:28,10
7/6/2023,22:46,18
7/6/2023,22:59,13
7/6/2023,23:24,25
7/6/2023,23:31,7
7/6/2023,23:49,18
7/7/2023,19:11,2
7/7/2023,19:15,4
7/7/2023,19:36,21
7/7/2023,19:49,13
7/7/2023,20:04,15
7/7/2023,20:04,0
7/7/2023,20:20,16
7/7/2023,20:44,24
7/7/2023,20:56,12
7/7/2023,21:12,16
7/7/2023,21:27,15
7/7/2023,21:32,5
7/7/2023,21:35,3
7/7/2023,21:36,1
7/7/2023,21:42,6
7/7/2023,22:04,22
7/7/2023,22:04,0
7/7/2023,22:09,5
7/7/2023,22:32,23
7/7/2023,22:35,3
7/7/2023,22:36,1
7/7/2023,22:41,5
7/7/2023,22:43,2
7/7/2023,22:46,3
7/7/2023,22:53,7
7/7/2023,23:16,23
7/7/2023,23:27,11
7/7/2023,23:31,4
7/7/2023,23:57,26
7/8/2023,19:25,20
7/8/2023,19:29,4
7/8/2023,19:29,0
7/8/2023,19:36,7
7/8/2023,19:39,3
7/8/2023,19:54,15
7/8/2023,20:05,11
7/8/2023,20:12,7
7/8/2023,20:17,5
7/8/2023,20:18,1
7/8/2023,20:19,1
7/8/2023,20:19,0
7/8/2023,20:23,4
7/8/2023,20:29,6
7/8/2023,20:31,2
7/8/2023,20:38,7
7/8/2023,20:39,1
7/8/2023,20:50,11
7/8/2023,20:52,2
7/8/2023,20:53,1
7/8/2023,20:56,3
7/8/2023,20:58,2
7/8/2023,21:09,11
7/8/2023,21:16,7
7/8/2023,21:23,7
7/8/2023,21:34,11
7/8/2023,21:35,1
7/8/2023,21:40,5
7/8/2023,21:45,5
7/8/2023,21:50,5
7/8/2023,21:54,4
7/8/2023,21:54,0
7/8/2023,22:04,10
7/8/2023,22:14,10
7/8/2023,22:15,1
7/8/2023,22:16,1
7/8/2023,22:25,9
7/8/2023,22:27,2
7/8/2023,22:30,3
7/8/2023,22:34,4
7/8/2023,22:42,8
7/8/2023,22:43,1
7/8/2023,22:48,5
7/8/2023,22:51,3
7/8/2023,22:52,1
7/8/2023,22:54,2
7/8/2023,22:58,4
7/8/2023,23:07,9
7/8/2023,23:08,1
7/8/2023,23:09,1
7/8/2023,23:13,4
7/8/2023,23:15,2
7/8/2023,23:16,1
7/8/2023,23:25,9
7/8/2023,23:28,3
7/8/2023,23:30,2
7/8/2023,23:33,3
7/8/2023,23:34,1
7/8/2023,23:36,2
7/8/2023,23:39,3
7/8/2023,23:47,8
7/8/2023,23:48,1
7/8/2023,23:51,3
7/8/2023,23:56,5
7/13/2023,19:11,10
7/13/2023,19:12,1
7/13/2023,19:20,8
7/13/2023,19:21,1
7/13/2023,19:26,5
7/13/2023,19:26,0
7/13/2023,19:28,2
7/13/2023,19:36,8
7/13/2023,19:40,4
7/13/2023,19:52,12
7/13/2023,20:11,19
7/13/2023,20:19,8
7/13/2023,20:36,17
7/13/2023,21:09,33
7/13/2023,21:22,13
7/13/2023,21:27,5
7/13/2023,21:33,6
7/13/2023,21:42,9
7/13/2023,21:44,2
7/13/2023,21:55,11
7/13/2023,22:02,7
7/13/2023,22:03,1
7/13/2023,22:13,10
7/13/2023,22:13,0
7/13/2023,22:14,1
7/13/2023,22:18,4
7/13/2023,22:24,6
7/13/2023,22:39,15
7/13/2023,22:43,4
7/13/2023,22:44,1
7/13/2023,23:04,20
7/13/2023,23:15,11
7/13/2023,23:18,3
7/13/2023,23:23,5
7/13/2023,23:54,31
7/14/2023,20:01,36
7/14/2023,20:08,7
7/14/2023,20:19,11
7/14/2023,20:43,24
7/14/2023,20:57,14
7/14/2023,20:59,2
7/14/2023,21:05,6
7/14/2023,21:30,25
7/14/2023,21:38,8
7/14/2023,21:39,1
7/14/2023,21:42,3
7/14/2023,21:51,9
7/14/2023,21:53,2
7/14/2023,21:59,6
7/14/2023,22:08,9
7/14/2023,22:13,5
7/14/2023,22:27,14
7/14/2023,22:29,2
7/14/2023,22:51,22
7/14/2023,22:58,7
7/14/2023,23:06,8
7/14/2023,23:23,17
7/14/2023,23:24,1
7/14/2023,23:46,22
7/14/2023,23:51,5
7/14/2023,23:53,2
7/14/2023,23:56,3
7/14/2023,23:59,3
7/15/2023,19:05,4
7/15/2023,19:06,1
7/15/2023,19:11,5
7/15/2023,19:21,10
7/15/2023,19:31,10
7/15/2023,19:34,3
7/15/2023,19:36,2
7/15/2023,19:37,1
7/15/2023,19:39,2
7/15/2023,19:49,10
7/15/2023,19:50,1
7/15/2023,19:51,1
7/15/2023,19:54,3
7/15/2023,19:57,3
7/15/2023,20:11,14
7/15/2023,20:12,1
7/15/2023,20:16,4
7/15/2023,20:23,7
7/15/2023,20:23,0
7/15/2023,20:24,1
7/15/2023,20:28,4
7/15/2023,20:31,3
7/15/2023,20:44,13
7/15/2023,20:45,1
7/15/2023,20:47,2
7/15/2023,20:48,1
7/15/2023,20:51,3
7/15/2023,21:07,16
7/15/2023,21:09,2
7/15/2023,21:11,2
7/15/2023,21:12,1
7/15/2023,21:20,8
7/15/2023,21:24,4
7/15/2023,21:26,2
7/15/2023,21:30,4
7/15/2023,21:31,1
7/15/2023,21:31,0
7/15/2023,21:51,20
7/15/2023,21:53,2
7/15/2023,21:53,0
7/15/2023,21:59,6
7/15/2023,22:03,4
7/15/2023,22:12,9
7/15/2023,22:14,2
7/15/2023,22:14,0
7/15/2023,22:28,14
7/15/2023,22:28,0
7/15/2023,22:38,10
7/15/2023,22:39,1
7/15/2023,22:42,3
7/15/2023,22:42,0
7/15/2023,22:44,2
7/15/2023,22:49,5
7/15/2023,22:52,3
7/15/2023,22:58,6
7/15/2023,23:13,15
7/15/2023,23:13,0
7/15/2023,23:14,1
7/15/2023,23:24,10
7/15/2023,23:37,13
7/15/2023,23:43,6
7/15/2023,23:45,2
7/15/2023,23:49,4
7/15/2023,23:59,10
7/20/2023,19:12,7
7/20/2023,20:29,77
7/20/2023,20:54,25
7/20/2023,21:05,11
7/20/2023,21:23,18
7/20/2023,21:29,6
7/20/2023,21:30,1
7/20/2023,21:57,27
7/20/2023,23:08,71
7/20/2023,23:53,45
7/20/2023,23:54,1
7/21/2023,19:05,4
7/21/2023,19:22,17
7/21/2023,20:08,46
7/21/2023,20:11,3
7/21/2023,20:17,6
7/21/2023,20:19,2
7/21/2023,20:44,25
7/21/2023,20:48,4
7/21/2023,21:08,20
7/21/2023,21:10,2
7/21/2023,21:59,49
7/21/2023,22:50,51
7/21/2023,23:35,45
7/21/2023,23:47,12
7/21/2023,23:53,6
7/21/2023,23:55,2
7/22/2023,19:08,2
7/22/2023,19:20,12
7/22/2023,19:39,19
7/22/2023,19:51,12
7/22/2023,20:04,13
7/22/2023,20:09,5
7/22/2023,20:22,13
7/22/2023,20:26,4
7/22/2023,21:11,45
7/22/2023,21:22,11
7/22/2023,21:57,35
7/22/2023,22:01,4
7/22/2023,22:18,17
7/22/2023,22:37,19
7/22/2023,22:48,11
7/22/2023,23:09,21
7/22/2023,23:16,7
7/22/2023,23:24,8
7/22/2023,23:28,4
7/22/2023,23:34,6
7/22/2023,23:36,2
7/22/2023,23:37,1
7/22/2023,23:56,19
7/27/2023,19:04,2
7/27/2023,19:05,1
7/27/2023,19:05,0
7/27/2023,19:06,1
7/27/2023,19:10,4
7/27/2023,19:13,3
7/27/2023,19:22,9
7/27/2023,19:23,1
7/27/2023,19:24,1
7/27/2023,19:30,6
7/27/2023,19:35,5
7/27/2023,19:36,1
7/27/2023,19:43,7
7/27/2023,19:56,13
7/27/2023,19:56,0
7/27/2023,20:01,5
7/27/2023,20:01,0
7/27/2023,20:04,3
7/27/2023,20:06,2
7/27/2023,20:17,11
7/27/2023,20:26,9
7/27/2023,20:27,1
7/27/2023,20:28,1
7/27/2023,20:36,8
7/27/2023,20:40,4
7/27/2023,20:43,3
7/27/2023,20:44,1
7/27/2023,20:44,0
7/27/2023,20:51,7
7/27/2023,20:53,2
7/27/2023,20:55,2
7/27/2023,20:57,2
7/27/2023,21:03,6
7/27/2023,21:14,11
7/27/2023,21:21,7
7/27/2023,21:21,0
7/27/2023,21:22,1
7/27/2023,21:23,1
7/27/2023,21:26,3
7/27/2023,21:29,3
7/27/2023,21:59,30
7/27/2023,22:02,3
7/27/2023,22:04,2
7/27/2023,22:05,1
7/27/2023,22:13,8
7/27/2023,22:26,13
7/27/2023,22:33,7
7/27/2023,22:34,1
7/27/2023,22:34,0
7/27/2023,22:45,11
7/27/2023,22:48,3
7/27/2023,22:49,1
7/27/2023,22:55,6
7/27/2023,22:57,2
7/27/2023,22:58,1
7/27/2023,23:07,9
7/27/2023,23:09,2
7/27/2023,23:11,2
7/27/2023,23:15,4
7/27/2023,23:17,2
7/27/2023,23:19,2
7/27/2023,23:21,2
7/27/2023,23:29,8
7/27/2023,23:29,0
7/27/2023,23:43,14
7/27/2023,23:44,1
7/27/2023,23:53,9
7/27/2023,23:55,2
7/27/2023,23:56,1
7/27/2023,23:58,2
7/28/2023,20:06,38
7/28/2023,20:25,19
7/28/2023,20:53,28
7/28/2023,22:25,92
7/28/2023,22:30,5
7/28/2023,22:34,4
7/29/2023,19:09,6
7/29/2023,19:16,7
7/29/2023,19:20,4
7/29/2023,19:25,5
7/29/2023,19:31,6
7/29/2023,19:39,8
7/29/2023,20:25,46
7/29/2023,21:08,43
7/29/2023,21:10,2
7/29/2023,21:19,9
7/29/2023,21:20,1
7/29/2023,21:36,16
7/29/2023,21:41,5
7/29/2023,21:54,13
7/29/2023,21:58,4
7/29/2023,22:08,10
7/29/2023,22:19,11
7/29/2023,22:20,1
7/29/2023,22:23,3
7/29/2023,22:23,0
7/29/2023,22:36,13
7/29/2023,22:48,12
7/29/2023,22:53,5
7/29/2023,22:57,4
7/29/2023,23:01,4
7/29/2023,23:17,16
7/29/2023,23:18,1
7/29/2023,23:32,14
7/29/2023,23:35,3
7/29/2023,23:45,10
7/29/2023,23:57,12
7/29/2023,23:59,2
8/3/2023,19:06,6
8/3/2023,19:13,7
8/3/2023,19:18,5
8/3/2023,20:17,59
8/3/2023,20:21,4
8/3/2023,20:22,1
8/3/2023,21:18,56
8/3/2023,21:36,18
8/3/2023,21:38,2
8/3/2023,21:55,17
8/3/2023,21:58,3
8/3/2023,22:19,21
8/3/2023,22:43,24
8/3/2023,22:45,2
8/3/2023,23:21,36
8/3/2023,23:29,8
8/3/2023,23:51,22
8/4/2023,19:11,5
8/4/2023,19:14,3
8/4/2023,19:22,8
8/4/2023,19:44,22
8/4/2023,19:45,1
8/4/2023,19:52,7
8/4/2023,19:56,4
8/4/2023,20:00,4
8/4/2023,20:02,2
8/4/2023,20:03,1
8/4/2023,20:03,0
8/4/2023,20:04,1
8/4/2023,20:22,18
8/4/2023,20:36,14
8/4/2023,20:38,2
8/4/2023,20:39,1
8/4/2023,20:47,8
8/4/2023,20:50,3
8/4/2023,20:58,8
8/4/2023,21:00,2
8/4/2023,21:00,0
8/4/2023,21:09,9
8/4/2023,21:12,3
8/4/2023,21:15,3
8/4/2023,21:16,1
8/4/2023,21:17,1
8/4/2023,21:19,2
8/4/2023,21:31,12
8/4/2023,21:38,7
8/4/2023,21:42,4
8/4/2023,21:44,2
8/4/2023,21:49,5
8/4/2023,21:53,4
8/4/2023,21:53,0
8/4/2023,22:02,9
8/4/2023,22:08,6
8/4/2023,22:14,6
8/4/2023,22:29,15
8/4/2023,22:30,1
8/4/2023,22:31,1
8/4/2023,22:33,2
8/4/2023,22:35,2
8/4/2023,22:44,9
8/4/2023,22:54,10
8/4/2023,23:05,11
8/4/2023,23:11,6
8/4/2023,23:12,1
8/4/2023,23:13,1
8/4/2023,23:41,28
8/4/2023,23:53,12
8/5/2023,19:15,12
8/5/2023,19:19,4
8/5/2023,19:19,0
8/5/2023,19:29,10
8/5/2023,19:29,0
8/5/2023,19:33,4
8/5/2023,19:38,5
8/5/2023,19:48,10
8/5/2023,19:52,4
8/5/2023,19:53,1
8/5/2023,19:55,2
8/5/2023,20:01,6
8/5/2023,20:18,17
8/5/2023,20:20,2
8/5/2023,20:21,1
8/5/2023,20:25,4
8/5/2023,20:30,5
8/5/2023,20:37,7
8/5/2023,20:45,8
8/5/2023,20:48,3
8/5/2023,20:56,8
8/5/2023,21:17,21
8/5/2023,21:24,7
8/5/2023,21:26,2
8/5/2023,21:30,4
8/5/2023,21:33,3
8/5/2023,21:33,0
8/5/2023,21:37,4
8/5/2023,21:47,10
8/5/2023,21:51,4
8/5/2023,21:55,4
8/5/2023,21:59,4
8/5/2023,22:00,1
8/5/2023,22:04,4
8/5/2023,22:04,0
8/5/2023,22:15,11
8/5/2023,22:16,1
8/5/2023,22:23,7
8/5/2023,22:36,13
8/5/2023,22:43,7
8/5/2023,22:47,4
8/5/2023,22:56,9
8/5/2023,22:56,0
8/5/2023,23:03,7
8/5/2023,23:04,1
8/5/2023,23:04,0
8/5/2023,23:07,3
8/5/2023,23:09,2
8/5/2023,23:11,2
8/5/2023,23:16,5
8/5/2023,23:21,5
8/5/2023,23:25,4
8/5/2023,23:26,1
8/5/2023,23:28,2
8/5/2023,23:29,1
8/5/2023,23:40,11
8/5/2023,23:42,2
8/5/2023,23:45,3
8/5/2023,23:48,3
8/5/2023,23:50,2
8/5/2023,23:54,4
8/5/2023,23:55,1
8/5/2023,23:57,2
8/5/2023,23:59,2
8/10/2023,20:20,66
8/10/2023,20:47,27
8/10/2023,21:02,15
8/10/2023,21:14,12
8/10/2023,22:01,47
8/10/2023,22:27,26
8/10/2023,22:46,19
8/10/2023,23:06,20
8/10/2023,23:23,17
8/10/2023,23:24,1
8/10/2023,23:37,13
8/10/2023,23:43,6
8/10/2023,23:56,13
8/11/2023,19:14,11
8/11/2023,19:17,3
8/11/2023,19:41,24
8/11/2023,19:50,9
8/11/2023,19:52,2
8/11/2023,19:57,5
8/11/2023,20:01,4
8/11/2023,20:02,1
8/11/2023,20:05,3
8/11/2023,20:13,8
8/11/2023,20:28,15
8/11/2023,20:45,17
8/11/2023,20:46,1
8/11/2023,20:47,1
8/11/2023,20:53,6
8/11/2023,21:47,54
8/11/2023,21:55,8
8/11/2023,22:03,8
8/11/2023,22:04,1
8/11/2023,22:05,1
8/11/2023,22:18,13
8/11/2023,22:27,9
8/11/2023,22:28,1
8/11/2023,22:28,0
8/11/2023,22:38,10
8/11/2023,22:48,10
8/11/2023,22:52,4
8/11/2023,22:56,4
8/11/2023,23:08,12
8/11/2023,23:13,5
8/11/2023,23:24,11
8/11/2023,23:32,8
8/11/2023,23:34,2
8/11/2023,23:36,2
8/11/2023,23:40,4
8/11/2023,23:46,6
8/11/2023,23:53,7
8/12/2023,19:10,10
8/12/2023,19:10,0
8/12/2023,19:12,2
8/12/2023,19:15,3
8/12/2023,19:20,5
8/12/2023,19:26,6
8/12/2023,19:28,2
8/12/2023,19:29,1
8/12/2023,19:30,1
8/12/2023,19:31,1
8/12/2023,19:36,5
8/12/2023,19:39,3
8/12/2023,19:41,2
8/12/2023,19:42,1
8/12/2023,19:46,4
8/12/2023,19:47,1
8/12/2023,19:49,2
8/12/2023,20:01,12
8/12/2023,20:03,2
8/12/2023,20:03,0
8/12/2023,20:09,6
8/12/2023,20:16,7
8/12/2023,20:33,17
8/12/2023,20:39,6
8/12/2023,20:40,1
8/12/2023,20:47,7
8/12/2023,20:47,0
8/12/2023,20:49,2
8/12/2023,20:56,7
8/12/2023,21:03,7
8/12/2023,21:04,1
8/12/2023,21:05,1
8/12/2023,21:20,15
8/12/2023,21:23,3
8/12/2023,21:29,6
8/12/2023,21:32,3
8/12/2023,21:40,8
8/12/2023,21:41,1
8/12/2023,21:50,9
8/12/2023,21:50,0
8/12/2023,21:52,2
8/12/2023,22:02,10
8/12/2023,22:09,7
8/12/2023,22:10,1
8/12/2023,22:27,17
8/12/2023,22:33,6
8/12/2023,22:39,6
8/12/2023,22:39,0
8/12/2023,22:49,10
8/12/2023,23:01,12
8/12/2023,23:02,1
8/12/2023,23:04,2
8/12/2023,23:05,1
8/12/2023,23:10,5
8/12/2023,23:20,10
8/12/2023,23:24,4
8/12/2023,23:25,1
8/12/2023,23:25,0
8/12/2023,23:28,3
8/12/2023,23:29,1
8/12/2023,23:34,5
8/12/2023,23:46,12
8/12/2023,23:53,7
8/12/2023,23:53,0
8/12/2023,23:55,2
8/17/2023,19:01,1
8/17/2023,19:03,2
8/17/2023,19:13,10
8/17/2023,19:14,1
8/17/2023,19:16,2
8/17/2023,19:17,1
8/17/2023,19:23,6
8/17/2023,19:29,6
8/17/2023,19:31,2
8/17/2023,19:34,3
8/17/2023,19:42,8
8/17/2023,19:42,0
8/17/2023,19:56,14
8/17/2023,20:00,4
8/17/2023,20:10,10
8/17/2023,20:11,1
8/17/2023,20:13,2
8/17/2023,20:13,0
8/17/2023,20:14,1
8/17/2023,20:17,3
8/17/2023,20:21,4
8/17/2023,20:26,5
8/17/2023,20:33,7
8/17/2023,20:35,2
8/17/2023,20:38,3
8/17/2023,20:44,6
8/17/2023,20:53,9
8/17/2023,20:58,5
8/17/2023,20:59,1
8/17/2023,21:02,3
8/17/2023,21:15,13
8/17/2023,21:18,3
8/17/2023,21:22,4
8/17/2023,21:26,4
8/17/2023,21:29,3
8/17/2023,21:30,1
8/17/2023,21:32,2
8/17/2023,21:35,3
8/17/2023,21:37,2
8/17/2023,21:40,3
8/17/2023,21:41,1
8/17/2023,21:43,2
8/17/2023,21:47,4
8/17/2023,21:50,3
8/17/2023,21:52,2
8/17/2023,21:53,1
8/17/2023,21:53,0
8/17/2023,21:54,1
8/17/2023,21:57,3
8/17/2023,22:07,10
8/17/2023,22:07,0
8/17/2023,22:07,0
8/17/2023,22:08,1
8/17/2023,22:08,0
8/17/2023,22:12,4
8/17/2023,22:23,11
8/17/2023,22:23,0
8/17/2023,22:33,10
8/17/2023,22:43,10
8/17/2023,22:56,13
8/17/2023,22:57,1
8/17/2023,23:00,3
8/17/2023,23:01,1
8/17/2023,23:04,3
8/17/2023,23:09,5
8/17/2023,23:13,4
8/17/2023,23:20,7
8/17/2023,23:27,7
8/17/2023,23:29,2
8/17/2023,23:31,2
8/17/2023,23:31,0
8/17/2023,23:34,3
8/17/2023,23:40,6
8/17/2023,23:52,12
8/17/2023,23:59,7
8/18/2023,19:06,1
8/18/2023,19:08,2
8/18/2023,19:08,0
8/18/2023,19:10,2
8/18/2023,19:11,1
8/18/2023,19:13,2
8/18/2023,19:17,4
8/18/2023,19:20,3
8/18/2023,19:24,4
8/18/2023,19:27,3
8/18/2023,19:50,23
8/18/2023,19:55,5
8/18/2023,19:55,0
8/18/2023,20:01,6
8/18/2023,20:03,2
8/18/2023,20:07,4
8/18/2023,20:07,0
8/18/2023,20:08,1
8/18/2023,20:11,3
8/18/2023,20:11,0
8/18/2023,20:17,6
8/18/2023,20:33,16
8/18/2023,20:37,4
8/18/2023,20:42,5
8/18/2023,20:44,2
8/18/2023,20:46,2
8/18/2023,20:46,0
8/18/2023,20:47,1
8/18/2023,20:48,1
8/18/2023,20:48,0
8/18/2023,20:51,3
8/18/2023,20:59,8
8/18/2023,21:02,3
8/18/2023,21:08,6
8/18/2023,21:17,9
8/18/2023,21:24,7
8/18/2023,21:25,1
8/18/2023,21:31,6
8/18/2023,21:33,2
8/18/2023,21:44,11
8/18/2023,21:50,6
8/18/2023,21:56,6
8/18/2023,22:02,6
8/18/2023,22:05,3
8/18/2023,22:14,9
8/18/2023,22:15,1
8/18/2023,22:23,8
8/18/2023,22:27,4
8/18/2023,22:39,12
8/18/2023,22:48,9
8/18/2023,22:50,2
8/18/2023,22:57,7
8/18/2023,22:58,1
8/18/2023,23:00,2
8/18/2023,23:05,5
8/18/2023,23:18,13
8/18/2023,23:21,3
8/18/2023,23:21,0
8/18/2023,23:22,1
8/18/2023,23:23,1
8/18/2023,23:30,7
8/18/2023,23:46,16
8/18/2023,23:47,1
8/18/2023,23:48,1
8/18/2023,23:49,1
8/18/2023,23:52,3
8/18/2023,23:56,4
8/18/2023,23:57,1
8/18/2023,23:59,2
8/19/2023,19:03,2
8/19/2023,19:05,2
8/19/2023,19:10,5
8/19/2023,19:17,7
8/19/2023,19:17,0
8/19/2023,19:22,5
8/19/2023,19:32,10
8/19/2023,19:35,3
8/19/2023,19:37,2
8/19/2023,19:40,3
8/19/2023,19:53,13
8/19/2023,19:53,0
8/19/2023,20:01,8
8/19/2023,20:03,2
8/19/2023,20:03,0
8/19/2023,20:16,13
8/19/2023,20:33,17
8/19/2023,20:53,20
8/19/2023,20:56,3
8/19/2023,20:56,0
8/19/2023,21:11,15
8/19/2023,21:31,20
8/19/2023,21:42,11
8/19/2023,21:45,3
8/19/2023,21:58,13
8/19/2023,22:12,14
8/19/2023,22:21,9
8/19/2023,22:24,3
8/19/2023,22:25,1
8/19/2023,22:26,1
8/19/2023,22:28,2
8/19/2023,22:38,10
8/19/2023,22:51,13
8/19/2023,23:00,9
8/19/2023,23:02,2
8/19/2023,23:17,15
8/19/2023,23:36,19
8/19/2023,23:39,3
8/19/2023,23:40,1
8/19/2023,23:44,4
8/19/2023,23:46,2
8/19/2023,23:55,9
8/24/2023,19:03,2
8/24/2023,19:06,3
8/24/2023,19:20,14
8/24/2023,19:21,1
8/24/2023,19:27,6
8/24/2023,19:34,7
8/24/2023,19:52,18
8/24/2023,20:06,14
8/24/2023,20:23,17
8/24/2023,20:54,31
8/24/2023,20:58,4
8/24/2023,21:02,4
8/24/2023,21:18,16
8/24/2023,21:21,3
8/24/2023,21:21,0
8/24/2023,21:22,1
8/24/2023,21:31,9
8/24/2023,21:56,25
8/24/2023,22:05,9
8/24/2023,22:06,1
8/24/2023,22:12,6
8/24/2023,22:22,10
8/24/2023,22:46,24
8/24/2023,22:53,7
8/24/2023,22:56,3
8/24/2023,23:00,4
8/24/2023,23:00,0
8/24/2023,23:12,12
8/24/2023,23:30,18
8/24/2023,23:43,13
8/25/2023,19:08,1
8/25/2023,19:16,8
8/25/2023,19:30,14
8/25/2023,19:31,1
8/25/2023,19:48,17
8/25/2023,20:17,29
8/25/2023,20:51,34
8/25/2023,21:02,11
8/25/2023,21:04,2
8/25/2023,21:07,3
8/25/2023,21:26,19
8/25/2023,21:39,13
8/25/2023,21:45,6
8/25/2023,22:07,22
8/25/2023,22:20,13
8/25/2023,22:37,17
8/25/2023,22:37,0
8/25/2023,22:39,2
8/25/2023,22:43,4
8/25/2023,22:45,2
8/25/2023,22:52,7
8/25/2023,23:03,11
8/25/2023,23:14,11
8/25/2023,23:22,8
8/25/2023,23:33,11
8/25/2023,23:56,23
8/26/2023,19:14,6
8/26/2023,19:19,5
8/26/2023,19:27,8
8/26/2023,19:48,21
8/26/2023,20:08,20
8/26/2023,20:16,8
8/26/2023,20:18,2
8/26/2023,20:30,12
8/26/2023,20:30,0
8/26/2023,20:33,3
8/26/2023,20:36,3
8/26/2023,20:37,1
8/26/2023,20:44,7
8/26/2023,20:46,2
8/26/2023,20:55,9
8/26/2023,21:08,13
8/26/2023,21:08,0
8/26/2023,21:18,10
8/26/2023,21:25,7
8/26/2023,21:37,12
8/26/2023,21:50,13
8/26/2023,21:51,1
8/26/2023,21:54,3
8/26/2023,22:03,9
8/26/2023,22:11,8
8/26/2023,22:16,5
8/26/2023,22:50,34
8/26/2023,22:57,7
8/26/2023,22:58,1
8/26/2023,23:00,2
8/26/2023,23:06,6
8/26/2023,23:24,18
8/26/2023,23:26,2
8/26/2023,23:35,9
8/26/2023,23:48,13
8/26/2023,23:55,7
8/26/2023,23:58,3
8/26/2023,23:59,1
8/31/2023,19:00,0
8/31/2023,19:01,1
8/31/2023,19:18,17
8/31/2023,19:19,1
8/31/2023,19:23,4
8/31/2023,19:27,4
8/31/2023,19:39,12
8/31/2023,19:40,1
8/31/2023,19:41,1
8/31/2023,19:43,2
8/31/2023,19:45,2
8/31/2023,19:48,3
8/31/2023,19:50,2
8/31/2023,19:58,8
8/31/2023,20:00,2
8/31/2023,20:05,5
8/31/2023,20:08,3
8/31/2023,20:08,0
8/31/2023,20:11,3
8/31/2023,20:18,7
8/31/2023,20:28,10
8/31/2023,20:30,2
8/31/2023,20:35,5
8/31/2023,20:36,1
8/31/2023,20:40,4
8/31/2023,20:43,3
8/31/2023,20:47,4
8/31/2023,20:49,2
8/31/2023,20:50,1
8/31/2023,20:52,2
8/31/2023,20:56,4
8/31/2023,21:13,17
8/31/2023,21:18,5
8/31/2023,21:24,6
8/31/2023,21:28,4
8/31/2023,21:33,5
8/31/2023,21:40,7
8/31/2023,21:53,13
8/31/2023,21:54,1
8/31/2023,21:58,4
8/31/2023,22:05,7
8/31/2023,22:07,2
8/31/2023,22:09,2
8/31/2023,22:19,10
8/31/2023,22:21,2
8/31/2023,22:32,11
8/31/2023,22:33,1
8/31/2023,22:37,4
8/31/2023,22:38,1
8/31/2023,22:39,1
8/31/2023,22:40,1
8/31/2023,22:42,2
8/31/2023,22:48,6
8/31/2023,22:50,2
8/31/2023,22:54,4
8/31/2023,22:55,1
8/31/2023,22:56,1
8/31/2023,23:20,24
8/31/2023,23:28,8
8/31/2023,23:35,7
8/31/2023,23:36,1
8/31/2023,23:39,3
8/31/2023,23:41,2
8/31/2023,23:43,2
8/31/2023,23:51,8
8/31/2023,23:53,2
8/31/2023,23:58,5
9/1/2023,19:07,6
9/1/2023,19:12,5
9/1/2023,19:13,1
9/1/2023,19:17,4
9/1/2023,19:24,7
9/1/2023,19:24,0
9/1/2023,19:29,5
9/1/2023,19:29,0
9/1/2023,19:30,1
9/1/2023,19:36,6
9/1/2023,19:47,11
9/1/2023,19:56,9
9/1/2023,19:59,3
9/1/2023,20:03,4
9/1/2023,20:05,2
9/1/2023,20:08,3
9/1/2023,20:10,2
9/1/2023,20:11,1
9/1/2023,20:24,13
9/1/2023,20:42,18
9/1/2023,20:45,3
9/1/2023,20:47,2
9/1/2023,20:49,2
9/1/2023,20:50,1
9/1/2023,20:53,3
9/1/2023,20:54,1
9/1/2023,20:59,5
9/1/2023,21:11,12
9/1/2023,21:17,6
9/1/2023,21:27,10
9/1/2023,21:28,1
9/1/2023,21:29,1
9/1/2023,21:39,10
9/1/2023,21:39,0
9/1/2023,21:42,3
9/1/2023,21:43,1
9/1/2023,21:48,5
9/1/2023,21:59,11
9/1/2023,21:59,0
9/1/2023,22:05,6
9/1/2023,22:06,1
9/1/2023,22:06,0
9/1/2023,22:07,1
9/1/2023,22:10,3
9/1/2023,22:12,2
9/1/2023,22:13,1
9/1/2023,22:14,1
9/1/2023,22:20,6
9/1/2023,22:23,3
9/1/2023,22:23,0
9/1/2023,22:29,6
9/1/2023,22:50,21
9/1/2023,22:50,0
9/1/2023,22:51,1
9/1/2023,22:56,5
9/1/2023,22:58,2
9/1/2023,23:06,8
9/1/2023,23:10,4
9/1/2023,23:11,1
9/1/2023,23:12,1
9/1/2023,23:15,3
9/1/2023,23:21,6
9/1/2023,23:26,5
9/1/2023,23:28,2
9/1/2023,23:29,1
9/1/2023,23:33,4
9/1/2023,23:33,0
9/1/2023,23:41,8
9/1/2023,23:53,12
9/1/2023,23:54,1
9/1/2023,23:57,3
9/2/2023,19:22,16
9/2/2023,19:28,6
9/2/2023,19:47,19
9/2/2023,19:50,3
9/2/2023,19:53,3
9/2/2023,19:54,1
9/2/2023,20:11,17
9/2/2023,20:18,7
9/2/2023,20:31,13
9/2/2023,21:18,47
9/2/2023,21:23,5
9/2/2023,21:28,5
9/2/2023,21:29,1
9/2/2023,21:32,3
9/2/2023,21:46,14
9/2/2023,21:49,3
9/2/2023,22:05,16
9/2/2023,22:14,9
9/2/2023,22:33,19
9/2/2023,22:40,7
9/2/2023,22:44,4
9/2/2023,22:48,4
9/2/2023,23:29,41
9/2/2023,23:38,9
9/2/2023,23:39,1
9/2/2023,23:44,5
9/2/2023,23:44,0
9/2/2023,23:50,6
9/7/2023,19:44,8
9/7/2023,19:57,13
9/7/2023,20:14,17
9/7/2023,20:49,35
9/7/2023,21:03,14
9/7/2023,21:32,29
9/7/2023,21:54,22
9/7/2023,22:08,14
9/7/2023,22:10,2
9/7/2023,22:12,2
9/7/2023,22:12,0
9/7/2023,22:23,11
9/7/2023,22:26,3
9/7/2023,22:49,23
9/7/2023,22:59,10
9/7/2023,23:19,20
9/8/2023,19:04,2
9/8/2023,19:09,5
9/8/2023,19:12,3
9/8/2023,19:17,5
9/8/2023,19:18,1
9/8/2023,19:19,1
9/8/2023,19:21,2
9/8/2023,19:22,1
9/8/2023,19:23,1
9/8/2023,19:30,7
9/8/2023,19:34,4
9/8/2023,19:38,4
9/8/2023,19:45,7
9/8/2023,19:47,2
9/8/2023,19:49,2
9/8/2023,19:55,6
9/8/2023,20:01,6
9/8/2023,20:03,2
9/8/2023,20:03,0
9/8/2023,20:19,16
9/8/2023,20:22,3
9/8/2023,20:25,3
9/8/2023,20:27,2
9/8/2023,20:28,1
9/8/2023,20:32,4
9/8/2023,20:42,10
9/8/2023,20:50,8
9/8/2023,20:56,6
9/8/2023,20:59,3
9/8/2023,21:00,1
9/8/2023,21:01,1
9/8/2023,21:05,4
9/8/2023,21:06,1
9/8/2023,21:09,3
9/8/2023,21:12,3
9/8/2023,21:19,7
9/8/2023,21:21,2
9/8/2023,21:26,5
9/8/2023,21:39,13
9/8/2023,21:44,5
9/8/2023,21:51,7
9/8/2023,21:57,6
9/8/2023,22:04,7
9/8/2023,22:04,0
9/8/2023,22:07,3
9/8/2023,22:09,2
9/8/2023,22:11,2
9/8/2023,22:14,3
9/8/2023,22:19,5
9/8/2023,22:27,8
9/8/2023,22:28,1
9/8/2023,22:29,1
9/8/2023,22:30,1
9/8/2023,22:34,4
9/8/2023,22:40,6
9/8/2023,22:56,16
9/8/2023,22:59,3
9/8/2023,23:01,2
9/8/2023,23:03,2
9/8/2023,23:10,7
9/8/2023,23:16,6
9/8/2023,23:17,1
9/8/2023,23:19,2
9/8/2023,23:21,2
9/8/2023,23:21,0
9/8/2023,23:25,4
9/8/2023,23:34,9
9/8/2023,23:38,4
9/8/2023,23:47,9
9/8/2023,23:51,4
9/8/2023,23:54,3
9/8/2023,23:56,2
9/9/2023,20:25,45
9/9/2023,20:42,17
9/9/2023,20:58,16
9/9/2023,20:59,1
9/9/2023,21:12,13
9/9/2023,21:55,43
9/9/2023,23:14,79
9/14/2023,20:43,17
9/14/2023,21:21,38
9/14/2023,22:42,81
9/14/2023,22:42,0
9/14/2023,23:37,55
9/14/2023,23:43,6
9/15/2023,19:01,0
9/15/2023,19:30,29
9/15/2023,19:36,6
9/15/2023,19:47,11
9/15/2023,19:50,3
9/15/2023,20:00,10
9/15/2023,20:06,6
9/15/2023,20:17,11
9/15/2023,20:23,6
9/15/2023,20:27,4
9/15/2023,20:37,10
9/15/2023,20:37,0
9/15/2023,20:57,20
9/15/2023,20:58,1
9/15/2023,21:08,10
9/15/2023,21:26,18
9/15/2023,21:27,1
9/15/2023,21:31,4
9/15/2023,21:36,5
9/15/2023,21:42,6
9/15/2023,21:48,6
9/15/2023,22:01,13
9/15/2023,22:02,1
9/15/2023,22:06,4
9/15/2023,22:10,4
9/15/2023,22:23,13
9/15/2023,22:31,8
9/15/2023,22:41,10
9/15/2023,22:41,0
9/15/2023,22:48,7
9/15/2023,23:17,29
9/15/2023,23:47,30
9/16/2023,19:19,5
9/16/2023,19:22,3
9/16/2023,19:25,3
9/16/2023,19:25,0
9/16/2023,19:31,6
9/16/2023,19:35,4
9/16/2023,19:35,0
9/16/2023,19:37,2
9/16/2023,19:47,10
9/16/2023,19:48,1
9/16/2023,20:05,17
9/16/2023,20:14,9
9/16/2023,20:15,1
9/16/2023,20:19,4
9/16/2023,20:21,2
9/16/2023,20:28,7
9/16/2023,20:32,4
9/16/2023,20:38,6
9/16/2023,20:46,8
9/16/2023,20:50,4
9/16/2023,20:51,1
9/16/2023,20:54,3
9/16/2023,20:57,3
9/16/2023,21:01,4
9/16/2023,21:09,8
9/16/2023,21:20,11
9/16/2023,21:24,4
9/16/2023,21:29,5
9/16/2023,21:34,5
9/16/2023,21:55,21
9/16/2023,21:56,1
9/16/2023,22:03,7
9/16/2023,22:18,15
9/16/2023,22:18,0
9/16/2023,22:25,7
9/16/2023,22:27,2
9/16/2023,22:38,11
9/16/2023,22:45,7
9/16/2023,22:47,2
9/16/2023,22:49,2
9/16/2023,22:55,6
9/16/2023,23:02,7
9/16/2023,23:05,3
9/16/2023,23:12,7
9/16/2023,23:12,0
9/16/2023,23:22,10
9/16/2023,23:27,5
9/16/2023,23:38,11
9/16/2023,23:38,0
9/16/2023,23:46,8
9/16/2023,23:57,11
9/21/2023,20:27,62
9/21/2023,20:32,5
9/21/2023,20:41,9
9/21/2023,21:24,43
9/21/2023,21:32,8
9/21/2023,21:52,20
9/21/2023,21:59,7
9/21/2023,22:13,14
9/21/2023,22:27,14
9/21/2023,22:36,9
9/21/2023,23:16,40
9/21/2023,23:21,5
9/21/2023,23:24,3
9/21/2023,23:57,33
9/22/2023,19:08,6
9/22/2023,19:09,1
9/22/2023,19:21,12
9/22/2023,19:26,5
9/22/2023,19:27,1
9/22/2023,19:30,3
9/22/2023,19:31,1
9/22/2023,19:35,4
9/22/2023,19:36,1
9/22/2023,19:40,4
9/22/2023,19:40,0
9/22/2023,19:40,0
9/22/2023,19:40,0
9/22/2023,19:42,2
9/22/2023,19:51,9
9/22/2023,20:10,19
9/22/2023,20:13,3
9/22/2023,20:14,1
9/22/2023,20:15,1
9/22/2023,20:19,4
9/22/2023,20:21,2
9/22/2023,20:24,3
9/22/2023,20:31,7
9/22/2023,20:32,1
9/22/2023,20:35,3
9/22/2023,20:38,3
9/22/2023,20:47,9
9/22/2023,20:49,2
9/22/2023,20:51,2
9/22/2023,20:54,3
9/22/2023,20:56,2
9/22/2023,21:02,6
9/22/2023,21:08,6
9/22/2023,21:13,5
9/22/2023,21:14,1
9/22/2023,21:22,8
9/22/2023,21:23,1
9/22/2023,21:27,4
9/22/2023,21:32,5
9/22/2023,21:33,1
9/22/2023,21:35,2
9/22/2023,21:36,1
9/22/2023,21:42,6
9/22/2023,21:45,3
9/22/2023,21:47,2
9/22/2023,21:49,2
9/22/2023,21:50,1
9/22/2023,21:59,9
9/22/2023,22:01,2
9/22/2023,22:02,1
9/22/2023,22:05,3
9/22/2023,22:05,0
9/22/2023,22:08,3
9/22/2023,22:10,2
9/22/2023,22:11,1
9/22/2023,22:23,12
9/22/2023,22:25,2
9/22/2023,22:28,3
9/22/2023,22:33,5
9/22/2023,22:33,0
9/22/2023,22:39,6
9/22/2023,22:41,2
9/22/2023,22:41,0
9/22/2023,22:43,2
9/22/2023,22:45,2
9/22/2023,22:53,8
9/22/2023,23:06,13
9/22/2023,23:11,5
9/22/2023,23:13,2
9/22/2023,23:21,8
9/22/2023,23:24,3
9/22/2023,23:24,0
9/22/2023,23:28,4
9/22/2023,23:31,3
9/22/2023,23:33,2
9/22/2023,23:37,4
9/22/2023,23:39,2
9/22/2023,23:42,3
9/22/2023,23:52,10
9/23/2023,21:16,113
9/23/2023,21:57,41
9/23/2023,22:05,8
9/23/2023,22:28,23
9/23/2023,22:43,15
9/23/2023,23:09,26
9/23/2023,23:29,20
9/23/2023,23:34,5
9/23/2023,23:57,23
9/28/2023,19:08,5
9/28/2023,19:13,5
9/28/2023,19:16,3
9/28/2023,19:20,4
9/28/2023,19:22,2
9/28/2023,19:29,7
9/28/2023,19:52,23
9/28/2023,19:58,6
9/28/2023,20:01,3
9/28/2023,20:06,5
9/28/2023,20:08,2
9/28/2023,20:14,6
9/28/2023,20:15,1
9/28/2023,20:22,7
9/28/2023,20:33,11
9/28/2023,20:42,9
9/28/2023,20:44,2
9/28/2023,20:53,9
9/28/2023,21:02,9
9/28/2023,21:03,1
9/28/2023,21:07,4
9/28/2023,21:12,5
9/28/2023,21:16,4
9/28/2023,21:33,17
9/28/2023,21:41,8
9/28/2023,21:45,4
9/28/2023,21:51,6
9/28/2023,21:52,1
9/28/2023,21:59,7
9/28/2023,22:02,3
9/28/2023,22:05,3
9/28/2023,22:09,4
9/28/2023,22:15,6
9/28/2023,22:20,5
9/28/2023,22:22,2
9/28/2023,22:24,2
9/28/2023,22:28,4
9/28/2023,22:32,4
9/28/2023,22:36,4
9/28/2023,22:39,3
9/28/2023,22:49,10
9/28/2023,22:52,3
9/28/2023,22:54,2
9/28/2023,22:55,1
9/28/2023,22:55,0
9/28/2023,22:57,2
9/28/2023,22:58,1
9/28/2023,23:00,2
9/28/2023,23:10,10
9/28/2023,23:20,10
9/28/2023,23:23,3
9/28/2023,23:46,23
9/28/2023,23:49,3
9/28/2023,23:49,0
9/28/2023,23:57,8
9/29/2023,19:02,1
9/29/2023,19:02,0
9/29/2023,19:31,29
9/29/2023,20:21,50
9/29/2023,20:44,23
9/29/2023,21:25,41
9/29/2023,21:57,32
9/29/2023,22:33,36
9/29/2023,23:08,35
9/29/2023,23:18,10
9/29/2023,23:54,36
9/30/2023,19:13,7
9/30/2023,19:17,4
9/30/2023,19:18,1
9/30/2023,19:19,1
9/30/2023,19:23,4
9/30/2023,19:25,2
9/30/2023,19:29,4
9/30/2023,19:36,7
9/30/2023,19:37,1
9/30/2023,19:41,4
9/30/2023,19:45,4
9/30/2023,19:51,6
9/30/2023,19:56,5
9/30/2023,19:58,2
9/30/2023,20:03,5
9/30/2023,20:04,1
9/30/2023,20:05,1
9/30/2023,20:11,6
9/30/2023,20:12,1
9/30/2023,20:12,0
9/30/2023,20:20,8
9/30/2023,20:21,1
9/30/2023,20:22,1
9/30/2023,20:24,2
9/30/2023,20:37,13
9/30/2023,20:49,12
9/30/2023,20:56,7
9/30/2023,20:58,2
9/30/2023,21:02,4
9/30/2023,21:12,10
9/30/2023,21:13,1
9/30/2023,21:15,2
9/30/2023,21:16,1
9/30/2023,21:29,13
9/30/2023,21:32,3
9/30/2023,21:33,1
9/30/2023,21:34,1
9/30/2023,21:35,1
9/30/2023,21:37,2
9/30/2023,21:40,3
9/30/2023,21:45,5
9/30/2023,21:46,1
9/30/2023,21:49,3
9/30/2023,21:50,1
9/30/2023,21:57,7
9/30/2023,22:00,3
9/30/2023,22:06,6
9/30/2023,22:06,0
9/30/2023,22:25,19
9/30/2023,22:27,2
9/30/2023,22:27,0
9/30/2023,22:32,5
9/30/2023,22:33,1
9/30/2023,22:45,12
9/30/2023,22:46,1
9/30/2023,22:47,1
9/30/2023,22:47,0
9/30/2023,22:58,11
9/30/2023,23:05,7
9/30/2023,23:14,9
9/30/2023,23:14,0
9/30/2023,23:28,14
9/30/2023,23:32,4
9/30/2023,23:33,1
9/30/2023,23:34,1
9/30/2023,23:34,0
9/30/2023,23:36,2
9/30/2023,23:40,4
9/30/2023,23:44,4
9/30/2023,23:44,0
9/30/2023,23:48,4
9/30/2023,23:56,8
9/30/2023,23:56,0
,,
,,
,,
,,
,,
,,
,,
,,
,,
,,
,,
,,
,,
,,
,,
,,
,,
,,
,,
,,
,,
,,
,,
,,
,,
,,
,,
,,
,,
,,
,,
,,
,,
,,
,,
,,
,,
,,
,,
,,
,,
,,
,,
,,
,,
,,
,,
,,
,,
,,
,,
,,
,,
,,
,,
,,
,,
,,
,,
,,
,,
,,
,,
,,
,,
,,
,,
,,
,,
,,
,,
,,
,,
,,
,,
,,
,,
,,
,,
,,
,,
,,
,,
,,
,,
,,
,,
,,
,,
,,
,,
,,
,,
,,
,,
,,
,,
,,
,,
,,
,,
,,
,,
,,
,,
,,
,,
,,
,,
,,
,,
,,
,,
,,
,,
,,
,,
,,
,,
,,
,,
,,
,,
,,
,,
,,
,,
,,
,,
,,
,,
,,
,,
,,
,,
,,
,,
,,
,,
,,
,,
,,
,,
,,
,,
,,
,,
,,
,,
,,
,,
,,
,,
,,
,,
,,
,,
,,
,,
,,
,,
,,
,,
,,
,,
,,
,,
,,
,,
,,
,,
,,
,,
,,
,,
,,
,,
,,
,,
,,
,,
,,
,,
,,
,,
,,
,,
,,
,,
,,
,,
,,
,,
,,
,,
,,
,,
,,
,,
,,
,,
,,
,,
,,
,,
,,
,,
,,
,,
,,
,,
,,
,,
,,
,,
,,
,,
,,
,,
,,
,,
,,
,,
,,
,,
,,
,,
,,
,,
,,
,,
,,
,,
,,
,,
,,
,,
,,
,,
,,
,,
,,
,,
,,
,,
,,
,,
,,
,,
,,
,,
,,
,,
,,
,,
,,
,,
,,
,,
,,
,,
,,
,,
,,
,,
,,
,,
,,
,,
,,
,,
,,
,,
,,
,,
,,
,,
,,
,,
,,
,,
,,
,,
,,
,,
,,
,,
,,
,,
,,
,,
,,
,,
,,
,,
,,
,,
,,
,,
,,
,,
,,
,,
,,
,,
,,
,,
,,
,,
,,
,,
,,
,,
,,
,,
,,
,,
,,
,,
,,
,,
,,
,,
,,
,,
,,
,,
,,
,,
,,
,,
,,
,,
,,
,,
,,
,,
,,
,,
,,
,,
,,
,,
,,
,,
,,
,,
,,
,,
,,
,,
,,
,,
,,
,,
,,
,,
,,
,,
,,
,,
,,
,,
,,
,,
,,
,,
,,
,,
,,
,,
,,
,,
,,
,,
,,
,,
,,
,,
,,
,,
,,
,,
,,
,,
,,
,,
,,
,,
,,
,,
,,
,,
,,
,,
,,
,,
,,
,,
,,
,,
,,
,,
,,
,,
,,
,,
,,
,,
,,
,,
,,
,,
,,
,,
,,
,,
,,
,,
,,
,,
,,
,,
,,
,,
,,
,,
,,
,,
,,
,,
,,
,,
,,
,,
,,
,,
,,
,,
,,
,,
,,
,,
,,
,,
,,
,,
,,
,,
,,
,,
,,
,,
,,
,,
,,
,,
,,
,,
,,
,,
,,
,,
,,
,,
,,
,,
,,
,,
,,
,,
,,
,,
,,
,,
,,
,,
,,
,,
,,
,,
,,
,,
,,
,,
,,
,,
,,
,,
,,
,,
,,
,,
,,
,,
,,
,,
,,
,,
,,
,,
,,
,,
,,
,,
,,
,,
,,
,,
,,
,,
,,
,,
,,
,,
,,
,,
,,
,,
,,
,,
,,
,,
,,
,,
,,
,,
,,
,,
,,
,,
,,
,,
,,
,,
,,
,,
,,
,,
,,
,,
,,
,,
,,
,,
,,
,,
,,
,,
,,
,,
,,
,,
,,
,,
,,
,,
,,
,,
,,
,,
,,
,,
,,
,,
,,
,,
,,
,,
,,
,,
,,
,,
,,
,,
,,
,,
,,
,,
,,
,,
,,
,,
,,
,,
,,
,,
,,
,,
,,
,,
,,
,,
,,
,,
,,
,,
,,
,,
,,
,,
,,
,,
,,
,,
,,
,,
,,
,,
,,
,,
,,
,,
,,
,,
,,
,,
,,
,,
,,
,,
,,
,,
,,
,,
,,
,,
,,
,,
,,
,,
,,
,,
,,
,,
,,
,,
,,
,,
,,
,,
,,
,,
,,
,,
,,
,,
,,
,,
,,
,,
,,
,,
,,
,,
,,
,,
,,
,,
,,
,,
,,
,,
,,
,,
,,
,,
,,
,,
,,
,,
,,
,,
,,
,,
,,
,,
,,
,,
,,
,,
,,
,,
,,
,,
,,
,,
,,
,,
,,
,,
,,
,,
,,
,,
,,
,,
,,
,,
,,
,,
,,
,,
,,
,,
,,
,,
,,
,,
,,
,,
,,
,,
,,
,,
,,
,,
,,
,,
,,
,,
,,
,,
,,
,,
,,
,,
,,
,,
,,
,,
,,
,,
,,
,,
,,
,,
,,
,,
,,
,,
,,
,,
,,
,,
,,
,,
,,
,,
,,
,,
,,
,,
,,
,,
,,
,,
,,
,,
,,
,,
,,
,,
,,
,,
,,
,,
,,
,,
,,
,,
,,
,,
,,
,,
,,
,,
,,
,,
,,
,,
,,
,,
,,
,,
,,
,,
,,
,,
,,
,,
,,
,,
,,
,,
,,
,,
,,
,,
,,
,,
,,
,,
,,
,,
,,
,,
,,
,,
,,
,,
,,
,,
,,
,,
,,
,,
,,
,,
,,
,,
,,
,,
,,
,,
,,
,,
,,
,,
,,
,,
,,
,,
,,
,,
,,
,,
,,
,,
,,
,,
,,
,,
,,
,,
,,
,,
,,
,,
,,
,,
,,
,,
,,
,,
,,
,,
,,
,,
,,
,,
,,
,,
,,
,,
,,
,,
,,
,,
,,
,,
,,
,,
,,
,,
,,
,,
,,
,,
,,
,,
,,
,,
,,
,,
,,
,,
,,
,,
,,
,,
,,
,,
,,
,,
,,
,,
,,
,,
,,
,,
,,
,,
,,
,,
,,
,,
,,
,,
,,
,,
,,
,,
,,
,,
,,
,,
,,
,,
,,
,,
,,
,,
,,
,,
,,
,,
,,
,,
,,
,,
,,
,,
,,
,,
,,
,,
,,
,,
,,
,,
,,
,,
,,
,,
,,
,,
,,
,,
,,
,,
,,
,,
,,
,,
,,
,,
,,
,,
,,
,,
,,
,,
,,
,,
,,
,,
,,
,,
,,
,,
,,
,,
,,
,,
,,
,,
,,
,,
,,
,,
,,
,,
,,
,,
,,
,,
,,
,,
,,
,,
,,
,,
,,
,,
,,
,,
,,
,,
,,
,,
,,
,,
,,
,,
,,
,,
,,
,,
,,
,,
,,
,,
,,
,,
,,
,,
,,
,,
,,
,,
,,
,,
,,
,,
,,
,,
,,
,,
,,
,,
,,
,,
,,
,,
,,
,,
,,
,,
,,
,,
,,
,,
,,
,,
,,
,,
,,
,,
,,
,,
,,
,,
,,
,,
,,
,,
,,
,,
,,
,,
,,
,,
,,
,,
,,
,,
,,
,,
,,
,,
,,
,,
,,
,,
,,
,,
,,
,,
,,
,,
,,
,,
,,
,,
,,
,,
,,
,,
,,
,,
,,
,,
,,
,,
,,
,,
,,
,,
,,
,,
,,
,,
,,
,,
,,
,,
,,
,,
,,
,,
,,
,,
,,
,,
,,
,,
,,
,,
,,
,,
,,
,,
,,
,,
,,
,,
,,
,,
,,
,,
,,
,,
,,
,,
,,
,,
,,
,,
,,
,,
,,
,,
,,
,,
,,
,,
,,
,,
,,
,,
,,
,,
,,
,,
,,
,,
,,
,,
,,
,,
,,
,,
,,
,,
,,
,,
,,
,,
,,
,,
,,
,,
,,
,,
,,
,,
,,
,,
,,
,,
,,
,,
,,
,,
,,
,,
,,
,,
,,
,,
,,
,,
,,
,,
,,
,,
,,
,,
,,
,,
,,
,,
,,
,,
,,
,,
,,
,,
,,
,,
,,
,,
,,
,,
,,
,,
,,
,,
,,
,,
,,
,,
,,
,,
,,
,,
,,
,,
,,
,,
,,
,,
,,
,,
,,
,,
,,
,,
,,
,,
,,
,,
,,
,,
,,
,,
,,
,,
,,
,,
,,
,,
,,
,,
,,
,,
,,
,,
,,
,,
,,
,,
,,
,,
,,
,,
,,
,,
,,
,,
,,
,,
,,
,,
,,
,,
,,
,,
,,
,,
,,
,,
,,
,,
,,
,,
,,
,,
,,
,,
,,
,,
,,
,,
,,
,,
,,
,,
,,
,,
,,
,,
,,
,,
,,
,,
,,
,,
,,
,,
,,
,,
,,
,,
,,
,,
,,
,,
,,
,,
,,
,,
,,
,,
,,
,,
,,
,,
,,
,,
,,
,,
,,
,,
,,
,,
,,
,,
,,
,,
,,
,,
,,
,,
,,
,,
,,
,,
,,
,,
,,
,,
,,
,,
,,
,,
,,
,,
,,
,,
,,
,,
,,
,,
,,
,,
,,
,,
,,
,,
,,
,,
,,
,,
,,
,,
,,
,,
,,
,,
,,
,,
,,
,,
,,
,,
,,
,,
,,
,,
,,
,,
,,
,,
,,
,,
,,
,,
,,
,,
,,
,,
,,
,,
,,
,,
,,
,,
,,
,,
,,
,,
,,
,,
,,
,,
,,
,,
,,
,,
,,
,,
,,
,,
,,
,,
,,
,,
,,
,,
,,
,,
,,
,,
,,
,,
,,
,,
,,
,,
,,
,,
,,
,,
,,
,,
,,
,,
,,
,,
,,
,,
,,
,,
,,
,,
,,
,,
,,
,,
,,
,,
,,
,,
,,
,,
,,
,,
,,
,,
,,
,,
,,
,,
,,
,,
,,
,,
,,
,,
,,
,,
,,
,,
,,
,,
,,
,,
,,
,,
,,
,,
,,
,,
,,
,,
,,
,,
,,
,,
,,
,,
,,
,,
,,
,,
,,
,,
,,
,,
,,
,,
,,
,,
,,
,,
,,
,,
,,
,,
,,
,,
,,
,,
,,
,,
,,
,,
,,
,,
,,
,,
,,
,,
,,
,,
,,
,,
,,
,,
,,
,,
,,
,,
,,
,,
,,
,,
,,
,,
,,
,,
,,
,,
,,
,,
,,
,,
